"address","city","state","ZIP_code","total_AV_preRoll","sale_price","school_district","acreage","grade","condition","year_built","floors","bedrooms","bathrooms"
"221  W BEN ST","NEW CARLISLE","IN","46552",96000,128250,"NPU",0.2324,"45","AV",1960,2,3,1.5
"1016  NOTRE DAME","SOUTH BEND","IN","46617",353785.714285714,575000,"SBCSC",0.1833,"59","AV",2010,3,4,3.5
"51895  FOXDALE LN","GRANGER","IN","46530",344000,325000,"PHM",0.4125,"59","AV",1994,3,4,3
"2506  SOLOMON AV AV","SOUTH BEND","IN","46615",85000,87000,"SBCSC",0.1806,"43","AV",1953,2,3,1
"1231  PORTAGE","SOUTH BEND","IN","46628",31428.5714285714,44200,"SBCSC",0.0946,"45","AV",1920,3,3,1
"103  TUXEDO","SOUTH BEND","IN","46615",78606.5573770492,103000,"SBCSC",0.194,"43","AV",1952,2,3,1.5
"701  N GERNHART ST","MISHAWAKA","IN","46544",75932.2033898305,90000,"MSC",0.1028,"49","AV",1928,2,2,1
"1719  LASALLE","SOUTH BEND","IN","46617",163400,213000,"SBCSC",0.2562,"47","AV",1937,3,3,1.5
"539  NORTH SHORE","SOUTH BEND","IN","46617",119840,122960,"SBCSC",0.2314,"45","AV",1956,2,2,1.5
"402  VICTORIA","SOUTH BEND","IN","46614",62347.8260869565,73500,"SBCSC",0.1221,"43","AV",1925,3,3,1
"106  VARSITY DR","SOUTH BEND","IN","46615",69836.0655737705,56000,"SBCSC",0.216,"47","AV",1952,1,2,1
"15217  DURHAM WAY E","GRANGER","IN","46530",326500,315000,"PHM",0.3906,"59","AV",1988,3,5,2.5
"56537  WINDSOR DRIVE","SOUTH BEND","IN","46619",48000,79900,"SBCSC",0.5337,"37","AV",1910,3,2,1
"50786  PHEASANT COVE DR","GRANGER","IN","46530",207700,221000,"PHM",0.345,"55","AV",1988,3,4,2.5
"28286  ST RD 23","NORTH LIBERTY","IN","46554",105600,120000,"SBCSC",0.63,"45","F",1950,1,3,1
"609  RIVERSIDE","SOUTH BEND","IN","46601",85700,1e+05,"SBCSC",0.1148,"45","AV",1912,4,4,1
"51818 CRESSWELL DR","SOUTH BEND","IN","46628",149616.216216216,186400,"SBCSC",0.2835,"49","AV",2015,3,3,1
"409  N MAIN","NORTH LIBERTY","IN","46554",99400,108000,"JG",0.4167,"39","G",1944,3,2,1
"51218 HEATHERTON CT","GRANGER","IN","46530",393900,450000,"PHM",0.4927,"59","AV",2002,3,3,3.5
"60700  LILAC RD","SOUTH BEND","IN","46614",138100,142000,"SBCSC",0.2665,"45","AV",1985,2,2,1.5
"2136  WILLOW LAKE DR","MISHAWAKA","IN","46545",366500,455000,"PHM",0.7757,"59","AV",1996,2,3,3
"16444  FOXCROSS DR","GRANGER","IN","46530",170700,175000,"SBCSC",0.3889,"53","G",1977,3,4,2.5
"307  E 16TH ST","MISHAWAKA","IN","46544",62105.2631578947,58500,"MSC",0.1167,"45","AV",1926,3,3,1
"52101  GOLDENROD LN","GRANGER","IN","46530",178300,184000,"PHM",0.4017,"49","AV",1977,3,4,2.5
"605  BERLIN","MISHAWAKA","IN","46544",60500,56500,"MSC",0.0937,"43","G",1921,2,2,1
"114  WAKEWA","SOUTH BEND","IN","46617",80960,76000,"SBCSC",0.124,"43","AV",1920,2,2,1
"441  N OAKLAND","MISHAWAKA","IN","46544",107000,120500,"MSC",0.2909,"35","AV",1986,3,2,2.5
"51891  WATERFORD GREEN DRIVE","GRANGER","IN","46530",321700,325000,"PHM",1.4663,"57","AV",1994,3,4,2.5
"24125  LAYTON","SOUTH BEND","IN","46614",280900,240000,"SBCSC",5,"47","AV",1987,3,4,3.5
"1808  ELIZABETHAN CT","SOUTH BEND","IN","46614",193900,190000,"SBCSC",0.2437,"49","AV",2001,2,3,2.5
"702  BUGLE LN","MISHAWAKA","IN","46544",126000,145000,"PHM",0.1636,"45","AV",1978,2,3,2
"53181  FLICKER LN","SOUTH BEND","IN","46637",123100,135000,"SBCSC",0.5949,"45","AV",1961,2,3,1.5
"1003 LINCOLNWAY EAST","MISHAWAKA","IN","46544",82900,79500,"MSC",0.1818,"49","AV",1912,3,3,1.5
"1103  EBELING DR","SOUTH BEND","IN","46615",77606.2992125984,89000,"SBCSC",0.2066,"39","AV",1957,1,3,1.5
"15724  WAGON WHEEL N","GRANGER","IN","46530",144000,195000,"PHM",0.3444,"49","AV",1986,3,4,2.5
"12265  DUNN RD","MISHAWAKA","IN","46545",96379.3103448276,112500,"PHM",0.4419,"45","AV",1973,2,3,2
"55327  BUTTERNUT","SOUTH BEND","IN","46628",80300,114900,"SBCSC",0.3406,"43","AV",1945,2,2,1
"3221  S ST JOSEPH ST","SOUTH BEND","IN","46614",81900,79900,"SBCSC",0.1616,"39","AV",1954,2,2,1
"23267  ADAMS RD","SOUTH BEND","IN","46628",172800,134225,"SBCSC",3.97,"47","AV",1949,3,4,1.5
"17377  WOODHURST RD","GRANGER","IN","46530",175300,180300,"SBCSC",0.2818,"53","AV",1985,2,3,2.5
"818  E CALVERT","SOUTH BEND","IN","46613",32000,38000,"SBCSC",0.1146,"37","AV",1921,4,2,1
"58670  ELM RD","MISHAWAKA","IN","46544",78100,82000,"PHM",1.29,"37","AV",1956,2,3,1
"11505  WILKINS MILL DR","GRANGER","IN","46530",181300,220000,"PHM",0.3905,"49","AV",1999,3,4,2.5
"3004  SALEM DR","SOUTH BEND","IN","46615",68434.6456692913,72000,"SBCSC",0.2296,"39","AV",1952,1,3,1.5
"25044  U S 20","SOUTH BEND","IN","46628",110200,90000,"SBCSC",0.75,"45","AV",1960,2,3,1
"1534  WASHINGTON","SOUTH BEND","IN","46617",326100,450000,"SBCSC",0.4725,"55","AV",1959,3,3,3.5
"753  S 25TH ST","SOUTH BEND","IN","46615",75400,91500,"SBCSC",0.0926,"43","AV",1918,3,3,1.5
"61546  MIAMI MEADOWS CT","SOUTH BEND","IN","46614",236100,275000,"SBCSC",1.9556,"55","AV",1997,4,3,2.5
"131  E 7TH ST","MISHAWAKA","IN","46544",110100,135000,"MSC",0.1331,"39","AV",2016,2,3,2
"55713  BLACK PHEASANT DR","OSCEOLA","IN","46561",171700,177000,"PHM",0.2755,"47","AV",2000,2,3,2
"1914  MAGYAR CT","SOUTH BEND","IN","46613",28800,25000,"SBCSC",0.0946,"35","AV",1952,2,2,1
"55209  BIRCHFIELD CT","OSCEOLA","IN","46561",207921.212121212,260000,"PHM",0.3528,"47","AV",1997,4,3,2.5
"24334  EDISON","SOUTH BEND","IN","46628",91600,97000,"SBCSC",0.9183,"39","AV",1960,3,3,1
"50700  TUMBLEWEED TR","GRANGER","IN","46530",119840,146000,"PHM",0.4053,"45","AV",1979,3,3,1.5
"11686  MADISON COUNTY CIR","GRANGER","IN","46530",196800,209000,"PHM",0.4194,"53","AV",1995,3,4,2.5
"4365  FOX FIRE DR","SOUTH BEND","IN","46628",155200,179000,"SBCSC",0.1722,"43","AV",1995,3,4,2.5
"52885  CAMELLA DR","SOUTH BEND","IN","46637",139289.230769231,156750,"SBCSC",0.5038,"45","AV",1965,3,4,2.5
"1421  EWING","SOUTH BEND","IN","46613",44800,67600,"SBCSC",0.1444,"41","AV",1945,3,2,1.5
"55761  BLACK PHEASANT DR","OSCEOLA","IN","46561",192300,205000,"PHM",0.2755,"49","AV",2000,3,3,2.5
"51612  WATERWATCH CT","SOUTH BEND","IN","46628",368000,365000,"SBCSC",0.6389,"57","G",2000,2,3,2.5
"1216  E JEFFERSON","MISHAWAKA","IN","46545",49685.0393700787,38900,"MSC",0.1641,"37","AV",1949,1,2,2
"10560  RED PINE DR","GRANGER","IN","46530",217400,218900,"PHM",0.3535,"55","AV",1987,2,3,2.5
"60070 E GARNET DR","SOUTH BEND","IN","46614",187500,190000,"SBCSC",0.2864,"47","G",2003,2,3,3
"10247  BRUMMITT RD","GRANGER","IN","46530",85200,55376,"PHM",1.89,"29","F",1953,2,2,1
"405  FRONT ST","NEW CARLISLE","IN","46552",83760.6837606838,78000,"NPU",0.1699,"33","AV",1910,3,3,1
"10529  VISTULA RD","OSCEOLA","IN","46561",351750,455000,"PHM",0.25,"59","AV",2004,5,4,3.5
"214  CONCORD","SOUTH BEND","IN","46619",31900,25000,"SBCSC",0.1456,"39","AV",1952,3,4,1
"25588 ROLLING HILLS DR","SOUTH BEND","IN","46628",170300,183000,"SBCSC",0.1928,"49","AV",2002,2,3,2
"20080  CROSSWELL ST","SOUTH BEND","IN","46637",80900,87500,"SBCSC",0.3306,"39","AV",1988,2,3,1
"11929  TIMBERLINE TRACE N","GRANGER","IN","46530",502200,550000,"PHM",6.3,"55","AV",1993,6,4,3.5
"50888  POST ROAD","GRANGER","IN","46530",272800,329900,"PHM",0.3616,"55","AV",1997,3,4,3.5
"706  S JACKSON ST","SOUTH BEND","IN","46628",13556.7567567568,14000,"SBCSC",0.1175,"37","AV",1908,3,3,1
"52664  WESTGATE DR","SOUTH BEND","IN","46635",160000,185000,"SBCSC",0.2241,"49","G",1993,3,2,2.5
"1928  INWOOD RD","SOUTH BEND","IN","46614",135500,154900,"SBCSC",0.3523,"55","AV",1960,2,3,2
"25608  STATE ROAD 23","SOUTH BEND","IN","46614",164300,174900,"SBCSC",2,"45","AV",1970,3,3,1.5
"54654  N 29TH","SOUTH BEND","IN","46635",52800,60000,"SBCSC",0.2089,"37","F",1949,2,2,1
"1522 PEACHTREE LN","MISHAWAKA","IN","46545",119100,135000,"PHM",0,"53","AV",2004,1,3,2
"18371  WESTOVER DR","SOUTH BEND","IN","46637",102883.076923077,118500,"SBCSC",0.4332,"43","AV",1964,1,4,1.5
"52797  FIR RD","GRANGER","IN","46530",57682.119205298,95000,"PHM",0.3456,"35","AV",1958,2,3,1
"21362  MAYS DR","SOUTH BEND","IN","46628",96100,124000,"SBCSC",0.4591,"39","AV",1965,2,3,1.5
"55878  RAINTREE DR","OSCEOLA","IN","46561",149565.217391304,228375,"PHM",0.3788,"45","AV",1987,3,2,2.5
"57170  PINEWOOD","SOUTH BEND","IN","46619",115700,89000,"SBCSC",0.3444,"47","AV",1980,3,3,1.5
"314  N OAKLAND AV","MISHAWAKA","IN","46544",51900,56000,"MSC",0.1091,"43","AV",1967,1,2,1
"526  W 10TH ST","MISHAWAKA","IN","46544",91100,105500,"MSC",0.1678,"47","AV",1939,3,2,1.5
"4340 GARDEN OAK DR","SOUTH BEND","IN","46628",147800,153500,"SBCSC",0.4983,"47","AV",2011,2,3,2
"3125  HILLTOP DR","SOUTH BEND","IN","46614",92372.8813559322,135000,"SBCSC",0.4056,"47","AV",1953,1,3,1.5
"1814  BOWMAN","SOUTH BEND","IN","46613",36000,28500,"SBCSC",0.1313,"45","AV",1949,1,2,1
"51799 MELWOOD CT","SOUTH BEND","IN","46628",150097.297297297,174000,"SBCSC",0.2202,"47","AV",2008,3,3,2.5
"6115 ROCKEFELLAR CT","GRANGER","IN","46530",180260.869565217,204000,"PHM",0,"53","AV",2007,2,3,2
"11680  JEFFERSON RD","OSCEOLA","IN","46561",264750,4e+05,"PHM",0.7002,"57","AV",1958,2,4,4
"2727  SOUTHEAST","SOUTH BEND","IN","46614",45400,45000,"SBCSC",0.2009,"39","AV",1950,1,3,1
"19977  DARDEN RD","SOUTH BEND","IN","46637",143700,130000,"SBCSC",0.528,"43","AV",1967,2,4,2.5
"14271  TADDINGTON DRIVE","GRANGER","IN","46530",288800,365000,"PHM",0.7445,"57","AV",1997,3,4,4.5
"11643  ROUND OAK DR","GRANGER","IN","46530",158800,159900,"PHM",0.3903,"53","G",1989,2,3,2
"50608 CARRINGTON PLACE","SOUTH BEND","IN","46637",227000,224900,"SBCSC",0.3471,"45","AV",2005,2,3,2.5
"719  W MISHAWAKA AV","MISHAWAKA","IN","46545",130700,130000,"MSC",0.1586,"47","AV",1912,3,4,2.5
"52932  MARKS ST","SOUTH BEND","IN","46637",40100,41000,"SBCSC",0.1194,"35","AV",1949,1,2,1
"710  34TH","SOUTH BEND","IN","46615",48800,55000,"SBCSC",0.1263,"45","AV",1927,2,2,1
"1437  CHESTER","SOUTH BEND","IN","46615",88427.6923076923,110000,"SBCSC",0.1492,"43","AV",1928,2,2,1
"310  W 9TH ST","MISHAWAKA","IN","46544",60700,81000,"MSC",0.1065,"39","AV",1924,2,2,1
"25541  EDISON RD","SOUTH BEND","IN","46628",164600,150900,"SBCSC",0.86,"45","AV",1974,3,3,1.5
"533  ALTGELD","SOUTH BEND","IN","46614",72521.7391304348,71500,"SBCSC",0.1215,"43","AV",1924,3,3,1.5
"1310  CHESTER ST","SOUTH BEND","IN","46615",126618.461538462,157500,"SBCSC",0.16,"45","AV",1928,4,5,2
"52751  JUNIPER RD","SOUTH BEND","IN","46637",121600,110000,"SBCSC",0.4591,"43","AV",1995,3,3,1.5
"55322  FOREST COVE CT","NEW CARLISLE","IN","46552",151500,190000,"NPU",0.5234,"49","AV",1997,2,3,2
"1937  BEVERLY","SOUTH BEND","IN","46628",73500,73375,"SBCSC",0.1791,"45","F",1928,3,2,1.5
"5706 MELLON CT","GRANGER","IN","46530",134434.782608696,155000,"PHM",0.1349,"49","AV",2004,2,2,2
"51189 EAGLEWOOD DR","GRANGER","IN","46530",254000,216000,"PHM",0.4993,"49","AV",2003,2,3,2
"2716  BELKNAP LN","MISHAWAKA","IN","46544",178000,198500,"PHM",0.2083,"53","AV",1987,3,4,2.5
"10212  COPPER CHASE DR","GRANGER","IN","46530",229300,240000,"PHM",0.4986,"55","AV",1997,4,4,2.5
"617  33 RD STREET","SOUTH BEND","IN","46615",57500,68500,"SBCSC",0.1102,"45","AV",1924,2,2,1
"54437  TERRACE LN","SOUTH BEND","IN","46635",60304.5161290323,56000,"SBCSC",0.2273,"39","AV",1947,3,4,1
"2716  ANZIO AV","SOUTH BEND","IN","46615",60500,86000,"SBCSC",0.1671,"43","AV",1954,1,3,1
"130  MANOR DR","MISHAWAKA","IN","46544",79600,98000,"MSC",0.1509,"39","AV",1955,2,2,1
"545  N MANCHESTER DR","SOUTH BEND","IN","46615",64289.7637795276,75500,"SBCSC",0.1722,"39","AV",1952,2,4,1.5
"910  W LAWRENCE ST","MISHAWAKA","IN","46545",81607.5471698113,99000,"MSC",0.1118,"45","AV",1947,3,3,1.5
"4720 STARBOARD DR","SOUTH BEND","IN","46628",240100,230000,"SBCSC",0.3084,"55","AV",2016,2,2,2
"52933 HOLLOW TRL","SOUTH BEND","IN","46628",147600,160000,"SBCSC",0.2663,"47","AV",2004,2,2,2
"1442  CATHERWOOD","SOUTH BEND","IN","46614",74100,94000,"SBCSC",0.1996,"39","AV",1959,1,3,1
"53114  BONVALE DR","SOUTH BEND","IN","46635",153900,162000,"SBCSC",0.3583,"45","AV",1975,3,3,2
"1407 GAULEY RIVER DR","MISHAWAKA","IN","46544",119500,130000,"PHM",0.1983,"49","AV",2005,2,2,1
"19550  GILMER ST","SOUTH BEND","IN","46614",74467.1755725191,130000,"SBCSC",0.2667,"37","AV",1942,3,5,2
"50846  STURBRIDGE DR","GRANGER","IN","46530",156100,205000,"PHM",0.7026,"49","AV",2001,3,3,2.5
"50954  PINE RIDGE DR","GRANGER","IN","46530",147100,137900,"SBCSC",0.4299,"53","AV",1974,3,3,2
"55194  MOSS RD","SOUTH BEND","IN","46628",65400,60000,"SBCSC",0.3821,"37","AV",1951,3,3,1
"617  W MISHAWAKA AV","MISHAWAKA","IN","46545",112200,139900,"MSC",0.1586,"47","AV",1952,2,3,1
"51805  WATERTON SQUARE CR","GRANGER","IN","46530",397800,340000,"SBCSC",0.3939,"53","AV",1995,3,3,4
"51199  DEER PATH DR","GRANGER","IN","46530",317500,291500,"SBCSC",0.5433,"53","AV",1975,3,6,4.5
"518  IRONWOOD","SOUTH BEND","IN","46615",61800,64500,"SBCSC",0.1175,"39","AV",1922,3,3,1.5
"1820  ROCKNE","SOUTH BEND","IN","46617",126700,117500,"SBCSC",0.1653,"47","AV",1951,2,2,1
"5035  IDLEWOOD","SOUTH BEND","IN","46619",67304.347826087,69200,"SBCSC",0.241,"45","AV",1964,2,2,2
"15828  CLARENDON HILLS DR","GRANGER","IN","46530",229200,233000,"PHM",0.3965,"57","AV",1991,3,4,2.5
"2111  E LASALLE AV","MISHAWAKA","IN","46545",65900,84500,"PHM",0.4835,"45","AV",1955,1,2,1.5
"14603  BRICK RD","GRANGER","IN","46530",142500,152500,"PHM",0.9697,"39","G",1920,3,3,1.5
"321  TERI","SOUTH BEND","IN","46614",52200,62000,"SBCSC",0.1625,"37","AV",1956,1,3,1
"1226  MINER","SOUTH BEND","IN","46617",20932.2033898305,18000,"SBCSC",0.0849,"35","AV",1921,2,2,1
"1114  28TH","SOUTH BEND","IN","46615",62400,67000,"SBCSC",0.1403,"45","AV",1926,2,2,1
"52478  WINDOVER LN","GRANGER","IN","46530",192500,197500,"SBCSC",0.3188,"53","AV",1986,4,4,2.5
"51983  HEATHER COVE","SOUTH BEND","IN","46635",215800,242001,"SBCSC",0.2889,"53","AV",1989,3,2,3.5
"214  N WALNUT ST","MISHAWAKA","IN","46544",81400,115000,"MSC",0.1501,"45","AV",1960,2,2,1
"15888  DURHAM WAY","GRANGER","IN","46530",297500,3e+05,"PHM",0.4167,"59","G",1983,3,4,2.5
"227 NOTRE DAME","SOUTH BEND","IN","46617",152142.857142857,175000,"SBCSC",0.08,"45","AV",2008,2,3,1.5
"52629  SHELLBARK","SOUTH BEND","IN","46628",91300,132000,"SBCSC",0.9183,"39","AV",1975,2,3,1.5
"52088  MALLARD POINTE DR","GRANGER","IN","46530",173900,180000,"PHM",0.94,"47","AV",1992,3,3,2.5
"1703  BADER","SOUTH BEND","IN","46617",181100,292000,"SBCSC",0.3528,"49","AV",1950,4,4,2.5
"1908  SOUTHERN VIEW DR","SOUTH BEND","IN","46614",160700,177000,"SBCSC",0.4015,"49","AV",1959,2,4,3
"52133  WOODRIDGE DR","SOUTH BEND","IN","46635",156500,183000,"SBCSC",0.2916,"47","AV",1973,3,4,2.5
"11665  STROHM DR S","MISHAWAKA","IN","46545",144608.695652174,110000,"PHM",0.3627,"49","AV",1985,2,3,3
"614  MARQUETTE","SOUTH BEND","IN","46617",106240,142500,"SBCSC",0.1377,"43","AV",1941,3,3,1.5
"1717  N MERRIFIELD AV","MISHAWAKA","IN","46545",86377.9527559055,110000,"MSC",0.3333,"39","AV",1947,3,2,1.5
"19788  SOUTHLAND AVE","SOUTH BEND","IN","46614",59600,67000,"SBCSC",0.2576,"33","AV",1942,3,3,1
"1742  SUNNYMEDE","SOUTH BEND","IN","46615",87624.6153846154,90000,"SBCSC",0.1806,"37","AV",1941,2,2,1
"142  SYLVAN GLEN","SOUTH BEND","IN","46615",132000,139900,"SBCSC",0.2808,"55","G",1948,3,3,1.5
"710  SOMERSET AV","MISHAWAKA","IN","46544",58400,75000,"MSC",0.1102,"39","AV",1957,2,3,1
"4032  WOODVALE DR","SOUTH BEND","IN","46614",70400,72500,"SBCSC",0.1869,"39","AV",1954,1,3,1
"19285  DRESDEN DR","SOUTH BEND","IN","46637",93300,121000,"SBCSC",0.2324,"43","AV",1962,2,3,1
"10228 CONOVER DR","GRANGER","IN","46530",242100,239000,"PHM",0,"53","AV",2007,2,3,2
"19961 RITTER AVE","SOUTH BEND","IN","46614",74300,82500,"SBCSC",0.5888,"45","AV",1956,1,3,1.5
"51287 WINDY WILLOW CT","SOUTH BEND","IN","46628",265400,272000,"SBCSC",0.3512,"57","AV",2006,3,3,2.5
"53790  OLIVE RD","SOUTH BEND","IN","46628",165000,120000,"SBCSC",1.0249,"45","AV",1970,2,3,2.5
"2110  SPRINGHILL","SOUTH BEND","IN","46628",132700,137900,"SBCSC",0.1832,"43","AV",1993,2,3,2
"812 HARTFIELD CT","MISHAWAKA","IN","46544",184400,215000,"MSC",0.3011,"49","AV",2005,3,4,2.5
"10453  PATRICIA CHURCH DR","GRANGER","IN","46530",149300,162500,"PHM",0.4101,"49","AV",1994,2,3,2
"24677  LAYTON RD","SOUTH BEND","IN","46614",153500,147900,"SBCSC",2.18,"45","F",1973,2,3,2
"6727 BLACKTHORN HARBOR DR","SOUTH BEND","IN","46628",196900,185000,"SBCSC",0.2167,"55","AV",2005,2,3,2
"25770 PACK TRAIL","SOUTH BEND",NA,"46628",148200,167600,"SBCSC",0.2663,"47","AV",2016,2,3,2
"1913  BOWMAN","SOUTH BEND","IN","46613",42100,60000,"SBCSC",0.1102,"45","AV",1947,2,2,1
"2028  PEACE ROSE LN","MISHAWAKA","IN","46544",129300,153000,"PHM",0.1446,"45","AV",2003,3,0,2
"1323  E COLFAX","SOUTH BEND","IN","46617",106800,119900,"SBCSC",0.3085,"39","AV",1955,1,2,2
"1142 HELMEN DR","SOUTH BEND","IN","46615",72403.1496062992,90000,"SBCSC",0.1961,"39","AV",1955,1,3,1
"924  L W E","MISHAWAKA","IN","46544",89900,88000,"MSC",0.2,"45","AV",1919,3,3,1
"512  BRAY","NEW CARLISLE","IN","46552",187900,246317,"NPU",1.1247,"47","AV",2016,2,4,2
"1714  MCKINLEY","SOUTH BEND","IN","46617",116600,139500,"SBCSC",0.1472,"45","G",1940,3,3,1.5
"913  CALVERT","SOUTH BEND","IN","46613",60800,80000,"SBCSC",0.2296,"37","AV",1922,2,3,1
"4335  CROSS CREEK","SOUTH BEND","IN","46628",139100,128000,"SBCSC",0.1768,"43","AV",1998,2,2,2
"202  EDISON","SOUTH BEND","IN","46619",20800,25000,"SBCSC",0.1288,"37","AV",1950,2,2,1
"16576  BRANDON LN","GRANGER","IN","46530",213400,219000,"SBCSC",0.4182,"49","AV",1972,3,4,3
"58531  CRUMSTOWN HWY","SOUTH BEND","IN","46619",56700,31500,"SBCSC",0.303,"37","AV",1947,1,2,1
"20044  JACKSON RD","SOUTH BEND","IN","46614",88432.5153374233,113900,"SBCSC",0.4218,"39","AV",1973,1,2,1
"52159  PICKWICK LANE","SOUTH BEND","IN","46637",153500,135000,"SBCSC",0.2477,"43","AV",1979,2,3,2
"532  OAKSIDE","SOUTH BEND","IN","46614",59217.3913043478,76500,"SBCSC",0.1609,"39","AV",1941,2,3,1
"53161  OAKMONT CENTRAL DR","SOUTH BEND","IN","46637",144200,155005,"SBCSC",0.3929,"43","AV",1954,2,3,1.5
"13690  ESTHER AVE","MISHAWAKA","IN","46545",83800,83500,"PHM",0.5739,"41","AV",1954,1,2,1.5
"10025  PATRICIA CHURCH DR /ASH","GRANGER","IN","46530",124100,147000,"PHM",0.4744,"45","AV",1991,2,3,2
"1722  WINSTON DR","SOUTH BEND","IN","46635",93143.7037037037,125000,"SBCSC",0.2073,"43","F",1961,2,4,1.5
"2509  DELAWARE","MISHAWAKA","IN","46544",63900,61000,"MSC",0.2181,"45","AV",1964,1,2,1
"52380  BRENDON HILLS DRIVE","GRANGER","IN","46530",297300,3e+05,"PHM",0.5034,"57","AV",1994,3,4,2.5
"312  IMUS DR","MISHAWAKA","IN","46545",68688.5245901639,96000,"MSC",0.1687,"49","AV",1961,1,3,1
"51655  TRAILWOOD CT","GRANGER","IN","46530",171300,148000,"PHM",0.3478,"45","AV",1978,3,3,2.5
"123  S 34TH","SOUTH BEND","IN","46615",104377.777777778,95000,"SBCSC",0.2231,"47","G",1949,3,3,1.5
"52424  SCOTT ST","SOUTH BEND","IN","46637",80400,75000,"SBCSC",0.155,"35","AV",1927,2,3,1
"50725  POST RD","GRANGER","IN","46530",301800,363500,"PHM",0.3758,"57","AV",1996,3,5,4
"1530  MCKINLEY","SOUTH BEND","IN","46617",103900,85000,"SBCSC",0.1472,"45","AV",1946,2,2,1
"1623  E WAYNE ST","SOUTH BEND","IN","46615",226431.137724551,270000,"SBCSC",0.2363,"55","AV",1930,3,4,2.5
"714  CHERRY TREE LN","SOUTH BEND","IN","46617",145500,155000,"SBCSC",0.279,"59","G",1954,1,3,2.5
"19998  AUTEN RD","SOUTH BEND","IN","46637",46500,31000,"SBCSC",0.1102,"35","AV",1942,2,2,1
"1612 BIG SKY CT","OSCEOLA",NA,"46561",159152.542372881,164900,"PHM",0.24,"49","AV",2008,2,3,2
"61571  HAVERFORD CT","SOUTH BEND","IN","46614",158200,190000,"SBCSC",0.3796,"53","AV",1997,2,3,2
"1614  ILLINOIS","SOUTH BEND","IN","46628",57500,76580,"SBCSC",0.1624,"39","AV",1952,2,3,1.5
"20315  OPAL STREET","SOUTH BEND","IN","46614",99261.0687022901,129900,"SBCSC",0.3557,"45","AV",1967,2,4,1.5
"52517 SCENT TRL","SOUTH BEND","IN","46628",151200,155500,"SBCSC",0.3107,"47","AV",2002,2,3,3
"55074 RYAN PLACE DR","OSCEOLA","IN","46561",123389.830508475,159900,"PHM",0.2755,"45","AV",1997,2,3,2
"514  SOMERSET","MISHAWAKA","IN","46544",51700,47000,"MSC",0.1102,"39","AV",1926,2,2,1
"20388 KIEFER WAY","SOUTH BEND","IN","46637",124500,169000,"SBCSC",0,"45","AV",2006,2,3,2
"823  REDDICK","MISHAWAKA","IN","46544",55700,60000,"MSC",0.1093,"39","AV",1922,2,2,1
"1223  LONGFELLOW","SOUTH BEND","IN","46615",80129.2307692308,99000,"SBCSC",0.2066,"39","AV",1940,2,2,1
"3615 LINCOLNWAY","SOUTH BEND","IN","46619",48200,63000,"SBCSC",0.1433,"39","AV",1941,3,2,1
"2023 WABASH","SOUTH BEND","IN","46613",49400,58000,"SBCSC",0.1185,"45","AV",2004,2,2,2
"16123  WOODHAVEN CT","GRANGER","IN","46530",191500,220000,"SBCSC",0.5569,"53","AV",1976,3,3,2.5
"1760  KESSLER","SOUTH BEND","IN","46616",69700,97500,"SBCSC",0.8606,"39","AV",1920,3,3,1
"11814  EDISON RD","OSCEOLA","IN","46561",131203.03030303,111000,"PHM",0.3539,"49","AV",1970,1,3,1
"121  N EDISON AV","SOUTH BEND","IN","46619",23300,37000,"SBCSC",0.1352,"37","AV",1950,2,2,1
"12450  BRICK ROAD","GRANGER","IN","46530",161200,194900,"PHM",0.4187,"55","AV",1988,3,4,2.5
"19315  PASADENA","SOUTH BEND","IN","46614",137563.358778626,129000,"SBCSC",0.4053,"49","AV",1956,2,3,1.5
"24319  GERENCSER DR","SOUTH BEND","IN","46614",167700,180000,"SBCSC",0.4332,"45","AV",1999,2,3,3
"1602  L W E","MISHAWAKA","IN","46544",92000,113500,"MSC",0.1361,"45","AV",1922,3,3,1
"213 LIVINGSTON BAY CT","MISHAWAKA","IN","46544",180300,285000,"MSC",0,"49","AV",2005,2,3,3
"1307  BEUTTER","SOUTH BEND","IN","46615",47600,60000,"SBCSC",0.1364,"39","AV",1954,1,6,1
"616  E ECKMAN ST","SOUTH BEND","IN","46614",79304.347826087,97000,"SBCSC",0.1185,"45","AV",1929,3,3,1.5
"50844  HEATHER HILL LN","GRANGER","IN","46530",183800,157000,"SBCSC",0.4994,"53","AV",1976,3,4,2.5
"917  GEYER","MISHAWAKA","IN","46544",56700,62000,"MSC",0.1065,"39","AV",1952,2,3,1
"53250  COUNTY MURRAY DR","GRANGER","IN","46530",222600,228000,"PHM",0.3444,"55","G",1989,3,4,3.5
"546  CALHOUN","MISHAWAKA","IN","46545",125200,135000,"MSC",0.1286,"45","AV",1964.5,4,3,2.5
"1321  BENNINGTON DR","MISHAWAKA","IN","46544",148900,155000,"MSC",0.3788,"45","AV",1979,2,3,2
"3612 DURHAM LN","MISHAWAKA","IN","46545",177100,219845,"PHM",0,"49","AV",2015,2,3,2.5
"108  E WOLF","NORTH LIBERTY","IN","46554",83200,87500,"JG",0.3106,"39","AV",1957,2,3,1
"16310  OAK HILL BLVD","GRANGER","IN","46530",205000,223800,"SBCSC",0.3444,"53","AV",1985,2,2,2
"51961  TAELMAN CR","GRANGER","IN","46530",197800,199900,"SBCSC",0.9522,"55","G",1984,3,4,2.5
"19025  PELICAN COVE CT","SOUTH BEND","IN","46637",135804.511278195,145000,"SBCSC",0.4654,"45","AV",1992,2,3,2
"50650  BRISTOL AV","SOUTH BEND","IN","46637",98400,113600,"SBCSC",0.2479,"43","AV",1958,2,4,2
"1524  SOUTHWOOD","SOUTH BEND","IN","46615",108772.307692308,125500,"SBCSC",0.2459,"45","AV",1952,2,2,1.5
"1611  SOUTHBROOK","SOUTH BEND","IN","46614",98559.3220338983,139900,"SBCSC",0.3278,"47","AV",1952,1,3,2
"1346  E MONROE ST","SOUTH BEND","IN","46615",137861.538461538,135500,"SBCSC",0.1377,"45","AV",1948,3,3,1.5
"17813  BAY WINDS DR","SOUTH BEND","IN","46635",150100,160000,"SBCSC",0.5438,"45","AV",1998,2,3,2
"56405  EASTLEA DR","SOUTH BEND","IN","46619",57200,62500,"SBCSC",0.3471,"39","AV",1962,1,3,1
"14758  BRICK RD","GRANGER","IN","46530",152800,108000,"PHM",0.7099,"43","AV",1923,2,3,2
"2640  CASTINE WALK","MISHAWAKA","IN","46544",98700,112500,"MSC",0.1736,"47","AV",1962,2,4,1.5
"58730  IRELAND TR","MISHAWAKA","IN","46544",172300,225000,"PHM",2.32,"47","AV",1978,2,4,1
"627  OSTEMO","SOUTH BEND","IN","46617",107280,113000,"SBCSC",0.1622,"45","AV",1941,3,3,1
"801  E 6TH ST","MISHAWAKA","IN","46544",64500,49500,"MSC",0.2033,"39","AV",1972,2,2,1
"4345 GARDEN OAK DR","SOUTH BEND","IN","46628",185100,190000,"SBCSC",0.2176,"51","AV",2015,2,2,2
"922  NOTRE DAME","SOUTH BEND","IN","46617",332500,5e+05,"SBCSC",0.0871,"65","AV",2006,3,3,2.5
"24465  GERENCSER DR","SOUTH BEND","IN","46614",149800,205000,"SBCSC",0.4508,"45","AV",1990,2,3,2.5
"51803  WINDYRIDGE DR","SOUTH BEND","IN","46628",283000,245000,"SBCSC",0.3942,"55","G",1997,3,4,2.5
"423  ARTHUR","SOUTH BEND","IN","46613",43100,30000,"SBCSC",0.1423,"37","AV",1892,3,2,1
"25723  HUNT TRAIL","SOUTH BEND","IN","46628",131873.684210526,134000,"SBCSC",0.3501,"47","AV",1994,3,3,2
"59960  RED FOX CT","SOUTH BEND","IN","46614",154500,195000,"SBCSC",0.4924,"49","AV",1995,3,4,2.5
"19405 WEDGEWOOD DR","SOUTH BEND","IN","46637",86900,122000,"SBCSC",0.2342,"43","AV",1959,2,4,1
"50945  WOODSTREAM CT","GRANGER","IN","46530",207600,250000,"SBCSC",0.6831,"55","AV",1979,3,2,2.5
"55197  CEDAR TR","OSCEOLA","IN","46561",145878.787878788,158000,"PHM",0.3292,"45","AV",1966,2,4,1.5
