"","id","team","manager","jobTasksSDSA","jobBalanceSDSA","jobPaySDSA","jobRecognitionSDSA","jobAdvancementSDSA","jobCoworkersSDSA","jobManagementSDSA","salary","tenure","age"
"1","W472V","Ethics","X8022Z",7,3,7,7,7,5,4,126460,6,30
"2","S227N","DSI","V8472W",1,6,3,2,2,7,7,47749,1,38
"3","N333E","Finance","X7645X",7,7,7,7,7,7,NA,80828,6,24
"4","K503P","Finance","Y4468Y",2,2,4,3,4,3,3,52852,6,35
"5","J845U","R&D","X8066X",6,3,7,7,7,4,4,98429,10,46
"6","O834K","Finance","Z7298V",3,3,4,4,4,4,3,45397,1,50
"7","S167E","R&D","Z2464Y",2,3,3,4,3,4,5,171648,8,34
"8","M198N","R&D","X3607X",7,4,7,7,7,5,6,53330,7,53
"9","E201S","R&D","X3607X",3,6,4,3,4,7,7,145440,2,22
"10","F945P","Finance","Y9641W",4,5,5,5,6,7,6,71567,8,42
"11","J920O","DSI","I511L",2,7,3,3,3,7,5,47716,6,25
"12","O984I","Health","V7487V",4,1,6,6,6,3,NA,49186,0,43
"13","F604E","Finance","Z7298V",2,3,3,3,4,5,5,107938,4,43
"14","Y348J","Finance","Y9641W",5,7,7,7,6,7,NA,78347,9,50
"15","P595S","Finance","Y4468Y",5,6,7,7,7,7,NA,110369,7,36
"16","Z508S","R&D","Z2464Y",3,5,3,4,5,6,7,103943,1,23
"17","O649Q","R&D","V4497X",4,2,5,6,5,4,3,53714,4,28
"18","D918A","Ethics","W7742X",1,4,2,4,1,6,5,52395,5,49
"19","X269R","Finance","Z7298V",1,3,2,2,4,4,4,54730,3,45
"20","P298G","R&D","V4497X",5,5,6,6,6,7,6,92393,0,24
"21","Q920T","DSI","V8472W",4,5,5,6,6,7,6,54513,1,46
"22","K219L","R&D","Z2464Y",6,6,7,7,7,7,NA,75391,8,22
"23","W572C","Finance","X7645X",2,1,3,5,4,3,2,56320,6,50
"24","P292D","Health","W8102W",2,3,4,4,4,5,NA,59512,1,35
"25","V199I","Finance","X7645X",7,3,7,7,7,4,NA,99189,5,36
"26","O699Q","Finance","Y7685W",6,6,7,7,7,7,7,55078,3,44
"27","K944D","Finance","Y4468Y",2,1,3,4,4,3,3,52338,5,24
"28","Q312G","Ethics","W7742X",7,3,7,7,7,5,4,64981,9,51
"29","O731D","Finance","Y9641W",3,7,5,5,5,7,7,127198,8,46
"30","O544V","Finance","Y9641W",5,4,6,7,6,5,6,47630,4,24
"31","X278H","Ethics","X8022Z",7,4,7,7,7,6,NA,56114,7,52
"32","U271G","Finance","Y9641W",1,5,2,3,2,7,7,53711,2,27
"33","V190W","Health","Z4101Z",3,4,4,5,4,6,NA,57151,2,36
"34","P713D","Finance","Z7298V",6,6,7,7,7,7,NA,56362,2,34
"35","D612F","Ethics","W2205Z",1,4,3,3,3,5,6,149939,4,46
"36","A392M","R&D","X8066X",1,4,3,3,3,6,6,48431,7,33
"37","M452T","R&D","Z2464Y",2,7,3,3,4,7,7,74136,2,48
"38","Z591L","R&D","V4497X",6,6,7,7,7,7,NA,109473,2,55
"39","F850G","Ethics","X8022Z",7,2,7,7,7,4,4,46336,1,30
"40","F448U","R&D","V4497X",5,2,7,7,7,4,3,54901,3,50
"41","R113O","R&D","X3607X",5,1,7,6,7,4,2,98771,1,49
"42","Z239I","R&D","Y3553W",5,4,6,7,7,6,6,140545,6,50
"43","H885W","Ethics","W2205Z",2,4,4,4,3,6,6,52082,1,48
"44","I242N","R&D","V4497X",3,4,5,4,5,6,5,57987,3,49
"45","Z380H","Finance","Y4468Y",2,2,4,4,4,4,3,166688,8,51
"46","D558Z","Ethics","W2205Z",4,6,6,5,6,7,NA,50242,3,50
"47","Q624A","Finance","Y9641W",1,6,3,2,2,7,7,55701,2,38
"48","I473H","R&D","X3607X",4,5,5,5,6,7,7,56434,1,26
"49","L279F","R&D","X8066X",6,1,7,7,6,3,3,52514,7,26
"50","I449L","R&D","V4497X",2,3,3,3,3,4,5,91790,3,32
"51","L539X","Ethics","W2205Z",3,5,4,4,5,6,7,64355,10,53
"52","U339N","R&D","X8066X",4,7,5,6,6,7,7,69519,9,33
"53","X368K","Ethics","W2205Z",3,3,5,4,4,5,4,116693,10,41
"54","H639N","R&D","Z2464Y",3,3,4,5,4,6,5,135329,6,36
"55","O533O","R&D","Z2464Y",3,6,4,4,4,7,7,57085,7,55
"56","T921J","DSI","V8472W",3,4,5,4,4,5,5,54143,4,41
"57","O485G","Finance","Y4468Y",4,3,5,5,5,3,4,54226,4,30
"58","V311Y","R&D","X8066X",5,4,6,6,7,5,NA,63303,6,24
"59","L722Q","R&D","Z2464Y",1,7,3,3,2,7,7,82416,10,54
"60","G508T","Finance","Z7298V",3,2,5,5,4,3,NA,46823,6,50
"61","P929M","Finance","X7645X",3,2,5,4,4,3,4,48230,2,36
"62","N916L","R&D","Y3553W",1,7,2,3,2,7,7,140442,0,55
"63","C849Z","Ethics","X8022Z",1,2,2,2,2,3,3,49866,2,25
"64","R572E","Ethics","X8022Z",2,6,2,4,4,7,7,54287,1,51
"65","G970Z","R&D","Z2464Y",6,5,7,7,7,6,NA,47749,4,29
"66","L795Y","R&D","X8066X",7,2,7,7,7,3,4,93246,2,47
"67","S465Z","Finance","X7645X",1,3,2,2,3,5,5,71907,1,47
"68","N348W","Finance","Y7685W",5,5,6,6,7,6,6,47060,7,38
"69","A795V","Ethics","W7742X",1,3,3,3,3,5,4,49482,7,30
"70","T304L","R&D","Z2464Y",7,4,7,7,7,5,6,59873,0,36
"71","C589K","R&D","Z2464Y",7,2,7,7,7,4,4,74679,9,45
"72","X339G","Health","W8102W",7,4,7,7,7,5,5,106435,1,26
"73","Y354X","R&D","Y3553W",6,6,7,7,7,7,NA,59952,1,36
"74","T303M","Health","W8102W",3,6,5,4,5,7,7,54887,3,31
"75","J537A","R&D","X3607X",3,7,4,5,5,7,7,78309,8,28
"76","M657E","R&D","X8066X",1,3,2,2,2,4,4,154814,10,55
"77","R677K","Finance","X7645X",6,6,7,7,7,7,7,79322,10,43
"78","B676X","Health","Z4101Z",2,1,3,3,4,3,3,58969,7,39
"79","Z986B","Health","W8102W",1,7,2,3,3,7,7,55366,7,44
"80","C337I","Ethics","X8022Z",7,7,7,7,7,7,NA,75935,6,45
"81","K980Y","Finance","Y7685W",5,6,6,6,7,7,NA,54744,3,24
"82","E529K","Health","W8102W",5,5,6,6,7,7,NA,105250,10,53
"83","W614K","R&D","X8066X",7,4,7,7,7,5,NA,55171,6,34
"84","L225L","R&D","Z2464Y",3,5,4,5,4,6,6,76634,10,31
"85","P424T","Finance","Y4468Y",4,4,5,6,5,5,5,75576,5,42
"86","N942N","Finance","X7645X",6,7,7,7,7,7,7,58586,0,48
"87","M306K","R&D","X3607X",3,2,5,4,4,5,NA,75578,9,52
"88","Z498C","R&D","Y3553W",3,3,5,5,5,4,4,49603,4,25
"89","Y963Z","R&D","X8066X",2,6,3,4,3,7,NA,72109,10,45
"90","K497Y","R&D","V4497X",1,3,3,2,2,5,5,54898,4,43
"91","Q348G","Finance","Z7298V",2,3,3,3,3,5,NA,46329,2,54
"92","F509O","R&D","Y3553W",7,1,7,7,7,3,2,104184,9,24
"93","F903C","R&D","Z2464Y",6,2,7,7,7,4,4,47577,5,25
"94","R443N","R&D","V4497X",2,1,3,4,3,2,3,102579,8,24
"95","R819G","DSI","V8472W",5,7,7,6,7,7,7,67627,9,46
"96","S875A","Finance","Y4468Y",1,6,3,2,2,7,7,57320,1,45
"97","K218A","R&D","Z2464Y",4,3,6,6,5,5,5,76271,8,37
"98","Y135Q","Finance","Y9641W",2,5,3,4,3,7,7,75704,10,24
"99","Z537H","Finance","Z7298V",2,3,3,4,3,5,4,67318,9,36
"100","Y108S","Finance","X7645X",7,6,7,7,7,7,7,69223,8,54
"101","Y318H","Ethics","W2205Z",4,5,6,6,5,7,6,58908,0,54
"102","L890B","Finance","Y7685W",2,7,4,4,4,7,7,131115,3,55
"103","C452T","R&D","Z2464Y",6,6,7,7,7,7,7,45532,4,54
"104","U504M","Finance","Y9641W",7,3,7,7,7,3,6,52815,2,32
"105","J622K","R&D","Z2464Y",5,5,7,6,7,7,NA,93476,0,54
"106","S268J","Finance","Y9641W",2,5,4,3,4,7,7,54120,0,24
"107","I408F","Health","V7487V",7,7,7,7,7,7,NA,108952,6,33
"108","U356H","Finance","X7645X",1,1,3,2,3,3,2,53075,0,34
"109","P845Y","Finance","Z7298V",3,5,5,4,4,6,6,133368,7,43
"110","U139S","DSI","V8472W",7,4,7,7,7,5,6,53205,1,51
"111","R368W","Ethics","X8022Z",1,1,3,2,3,2,3,51679,4,47
"112","S722T","R&D","Z2464Y",3,3,5,5,5,4,4,130101,10,50
"113","Y370X","R&D","Z2464Y",4,6,6,6,6,7,7,58351,5,27
"114","P572X","Finance","Y7685W",4,4,5,5,6,5,6,77261,8,44
"115","A526I","Health","Z4101Z",7,6,7,7,7,7,7,100713,6,40
"116","V161Q","R&D","Z2464Y",3,6,5,5,4,7,7,66904,9,36
"117","A800X","Finance","Y7685W",6,7,7,7,7,7,NA,46515,2,42
"118","T828Q","Ethics","W7742X",4,5,5,6,7,6,7,57855,4,28
"119","M377C","Ethics","W7742X",1,4,2,3,2,6,6,84361,6,54
"120","U582H","R&D","X8066X",3,4,4,4,5,6,5,45473,7,38
"121","Q633I","Health","W8102W",6,7,7,7,7,7,7,45819,4,24
"122","A129A","R&D","Z2464Y",5,3,6,7,7,4,5,49550,2,52
"123","S408M","Finance","Y4468Y",3,7,4,4,4,7,7,87103,2,31
"124","U109X","Finance","X7645X",2,6,4,3,3,7,7,79265,8,50
"125","H236P","Ethics","W7742X",6,2,7,7,7,4,NA,46291,2,50
"126","B331B","R&D","Y3553W",7,5,7,7,7,6,NA,53135,4,51
"127","J940X","Health","V7487V",3,3,4,4,5,4,4,72987,9,37
"128","R419J","DSI","V8472W",4,1,5,6,6,1,2,58971,2,52
"129","Q876B","Health","W8102W",3,3,4,5,5,4,5,49679,3,40
"130","S529J","R&D","V4497X",5,7,6,7,6,7,7,46769,6,54
"131","I183O","Finance","Y4468Y",3,1,5,5,4,3,2,75077,8,54
"132","M591N","Health","W8102W",6,1,7,7,7,2,3,53024,1,44
"133","A541O","R&D","V4497X",4,5,5,5,7,7,6,82062,8,37
"134","B352U","R&D","V4497X",2,1,3,4,3,3,2,74281,8,25
"135","L931O","Ethics","W2205Z",7,4,7,7,7,6,5,71123,10,54
"136","B579J","Finance","Y4468Y",7,4,7,7,7,5,NA,54507,2,32
"137","P810P","Health","Z4101Z",7,7,7,7,7,7,NA,125126,1,34
"138","J449Z","Finance","Z7298V",1,5,2,3,2,7,7,71249,8,53
"139","X166F","Finance","X7645X",7,3,7,7,7,6,4,57585,7,37
"140","V280V","Finance","Y7685W",1,2,2,3,2,3,3,46489,4,34
"141","S194X","R&D","V4497X",2,4,4,4,3,6,5,50834,1,28
"142","Q826Y","Health","W8102W",4,5,7,6,6,6,6,53749,7,55
"143","V247T","R&D","Y3553W",4,7,6,5,6,7,7,126940,3,33
"144","A806M","Health","Z4101Z",7,3,7,7,7,5,4,58486,2,43
"145","Y610A","R&D","V4497X",3,6,4,4,5,7,7,53427,5,24
"146","F427Y","R&D","V4497X",6,7,7,7,7,7,7,59819,7,32
"147","V177L","Finance","Z7298V",5,1,6,5,7,3,3,82002,2,26
"148","G363J","Finance","X7645X",7,7,7,7,7,7,7,56185,7,39
"149","U419X","Finance","Y4468Y",4,7,5,6,5,7,7,66812,9,35
"150","G458M","R&D","Y3553W",6,1,7,7,7,2,3,45399,5,44
"151","T332V","R&D","X8066X",6,5,7,7,7,7,7,124133,8,25
"152","S928X","Finance","Z7298V",4,6,5,6,7,7,7,94155,8,55
"153","M744E","Finance","X7645X",3,4,4,5,3,6,5,78364,9,46
"154","W641V","Health","W8102W",4,6,5,6,6,7,7,56332,6,27
"155","P451J","Finance","Y7685W",7,7,7,7,7,7,7,102572,1,54
"156","B441E","Ethics","W2205Z",7,2,7,7,7,3,3,47427,3,46
"157","M489I","R&D","X3607X",3,3,4,4,5,4,4,50289,4,24
"158","S125R","Finance","X7645X",1,4,3,4,3,5,4,53679,5,53
"159","P592S","Finance","X7645X",1,6,4,3,2,7,7,62030,4,38
"160","J173O","Finance","Y4468Y",5,7,6,7,7,7,NA,59080,1,53
"161","K572X","R&D","Z2464Y",3,7,4,4,4,7,7,104458,6,45
"162","J296K","Health","V7487V",1,2,2,2,3,4,3,80080,9,54
"163","T127O","Health","W8102W",5,3,7,6,7,4,4,51403,4,36
"164","X362O","Finance","X7645X",2,2,3,4,3,3,3,53760,5,48
"165","Q654U","Health","W8102W",6,6,7,7,7,7,7,47303,5,48
"166","G814L","Ethics","W7742X",5,2,6,6,7,4,4,123022,8,55
"167","Z905K","Finance","Y4468Y",4,4,6,5,5,6,5,53372,0,54
"168","Z459G","Finance","X7645X",3,4,5,6,4,4,5,73507,8,22
"169","J943W","Health","W8102W",2,7,3,4,4,7,NA,101093,8,24
"170","B328L","R&D","X3607X",3,5,5,5,5,7,6,46768,6,23
"171","X953B","R&D","V4497X",7,1,7,7,7,2,3,58659,1,36
"172","U762Z","R&D","Z2464Y",5,5,7,7,7,6,6,45002,2,37
"173","U611F","R&D","Z2464Y",2,7,4,4,4,7,7,48622,7,48
"174","R178Q","R&D","Z2464Y",7,2,7,7,7,3,3,80323,10,29
"175","C211B","R&D","V4497X",3,2,5,5,5,2,4,69011,8,27
"176","Y617M","R&D","X8066X",7,5,7,7,7,7,7,76401,4,48
"177","M538U","R&D","Y3553W",2,2,3,3,3,4,3,83641,2,36
"178","X920H","Health","Z4101Z",3,1,5,5,5,3,2,51247,3,53
"179","G853V","Ethics","W7742X",7,3,7,7,7,4,4,144249,1,25
"180","E940H","Finance","Z7298V",4,5,6,6,6,7,6,59661,6,27
"181","L276H","Finance","Y4468Y",6,7,7,7,7,7,7,99923,9,36
"182","J207A","Ethics","W2205Z",3,4,5,4,5,5,5,121745,1,43
"183","C252M","Ethics","X8022Z",7,3,7,7,7,5,NA,70555,10,22
"184","O521Q","Finance","Y7685W",6,1,7,7,7,3,2,58156,0,28
"185","Q834C","Finance","Z7298V",6,3,7,7,7,5,4,136184,10,50
"186","J518S","Finance","Z7298V",7,7,7,7,7,7,7,47993,4,54
"187","R167I","Ethics","X8022Z",6,6,7,7,7,7,7,119300,3,42
"188","M440F","Finance","Y7685W",2,6,4,4,3,7,7,46962,6,48
"189","P482K","R&D","X8066X",3,5,4,4,5,7,6,53234,1,24
"190","B119R","Finance","Y4468Y",1,1,3,3,3,2,2,66687,9,48
"191","F389B","R&D","V4497X",1,3,2,3,2,5,NA,58309,5,53
"192","L266N","Finance","X7645X",7,6,7,7,7,7,7,67721,0,26
"193","S654I","Finance","Y9641W",3,5,5,4,5,7,6,85269,10,26
"194","H841K","Ethics","X8022Z",7,5,7,7,7,7,7,143919,1,24
"195","H937T","R&D","X8066X",5,3,6,7,6,4,5,61539,10,24
"196","P620N","Health","V7487V",5,7,7,6,7,7,NA,45738,5,31
"197","F714L","R&D","X3607X",6,7,7,7,7,7,7,119536,10,48
"198","S796P","Ethics","W7742X",1,2,2,3,2,4,3,139622,2,38
"199","X728W","Finance","Y9641W",7,3,7,7,7,4,NA,90173,3,22
"200","X390Y","Health","Z4101Z",1,7,2,3,3,7,7,76557,7,32
"201","X681F","Ethics","W7742X",7,3,7,7,7,4,5,61151,9,55
"202","K941W","Health","W8102W",2,2,4,5,3,3,3,53093,4,53
"203","I570V","Health","V7487V",6,4,7,7,7,5,6,46226,3,28
"204","M877R","R&D","Y3553W",6,1,7,7,7,2,3,93644,10,27
"205","N629F","Finance","X7645X",5,5,7,6,7,6,7,78492,8,42
"206","D931Z","Ethics","W7742X",1,6,2,2,3,7,7,57711,5,33
"207","F640K","Ethics","X8022Z",6,4,7,7,7,6,6,49146,3,35
"208","Z930S","Finance","Y7685W",7,4,7,7,7,6,NA,54629,1,28
"209","J853A","R&D","Z2464Y",2,1,4,4,4,3,2,63051,7,36
"210","B149R","Ethics","W7742X",5,7,7,7,7,7,7,69926,8,42
"211","Z173Z","Health","Z4101Z",7,4,7,7,7,6,7,81660,9,35
"212","C511N","Finance","Y9641W",4,1,5,5,5,2,2,57409,3,36
"213","Q718W","Ethics","W2205Z",2,3,4,4,3,5,5,77845,8,38
"214","V489Z","R&D","X3607X",7,2,7,7,7,3,3,46366,4,50
"215","J688C","Health","V7487V",7,2,7,7,7,3,3,58777,2,49
"216","F509E","Health","Z4101Z",3,5,5,4,4,7,5,57410,4,45
"217","N803J","Ethics","X8022Z",1,2,3,2,3,3,3,94986,4,51
"218","V271J","DSI","V8472W",7,5,7,7,7,6,7,62261,6,37
"219","B745I","Ethics","W7742X",6,5,7,7,7,7,6,74910,9,32
"220","H894T","DSI","V8472W",1,5,3,3,2,6,7,74352,10,52
"221","O930E","Finance","X7645X",2,2,3,4,4,3,4,144121,8,35
"222","K460D","Finance","Y9641W",3,3,4,5,5,5,5,48911,4,38
"223","P139P","DSI","V8472W",6,5,7,7,7,7,7,79305,3,47
"224","M734T","Finance","Y4468Y",6,2,7,7,7,4,4,77815,10,27
"225","V804U","Finance","X7645X",7,5,7,7,7,6,NA,74021,8,43
"226","K127L","Health","V7487V",7,6,7,7,7,7,7,89527,3,46
"227","G250P","R&D","X3607X",2,5,3,3,3,6,6,75444,10,37
"228","D239W","Health","V7487V",5,5,7,6,7,6,NA,77454,10,31
"229","N753B","Finance","Y9641W",2,2,3,3,3,4,NA,53849,0,33
"230","P558D","Finance","Y4468Y",1,1,3,2,2,2,3,51348,3,51
"231","P604S","Health","Z4101Z",1,4,3,1,3,5,6,54477,3,45
"232","N714I","Health","Z4101Z",7,5,7,7,7,6,NA,73512,8,34
"233","O439N","R&D","V4497X",5,6,6,6,6,7,7,104894,5,35
"234","J497F","R&D","X8066X",3,7,4,4,5,7,7,59520,2,24
"235","I567I","Finance","Y4468Y",3,1,4,5,5,2,2,57632,0,52
"236","C313W","R&D","Y3553W",7,4,7,7,7,6,NA,73275,9,36
"237","H297V","Finance","Y9641W",7,5,7,7,7,6,7,47936,5,42
"238","P275A","R&D","V4497X",7,4,7,7,7,5,NA,58293,3,50
"239","D459M","R&D","Y3553W",6,7,7,7,7,7,7,53065,7,37
"240","D537C","Ethics","W7742X",4,7,5,6,5,7,NA,71777,9,48
"241","L628L","R&D","X8066X",4,2,6,6,5,4,3,50968,6,24
"242","Z411R","R&D","X3607X",2,2,4,3,3,3,4,66141,8,33
"243","D349B","Health","W8102W",3,1,5,5,4,1,4,81010,10,51
"244","E163N","Health","V7487V",1,3,3,3,2,5,4,55962,3,30
"245","N779C","R&D","V4497X",7,4,7,7,7,6,5,51632,2,45
"246","O608Z","Health","V7487V",4,3,5,5,5,5,NA,76864,9,36
"247","T285C","R&D","X8066X",5,1,7,7,7,2,NA,53077,6,23
"248","L977R","Finance","Y4468Y",1,4,3,3,2,5,6,72837,9,23
"249","B224K","DSI","V8472W",3,4,5,5,5,6,5,77193,9,23
"250","A526N","Finance","Y9641W",2,6,3,4,4,7,7,77598,0,27
"251","I616E","Ethics","W7742X",2,4,5,4,4,5,6,57438,6,46
"252","B626S","Finance","Z7298V",4,1,5,5,6,3,3,59111,4,23
"253","M414F","R&D","X3607X",2,3,4,4,2,4,5,81108,3,24
"254","K335F","Finance","Y4468Y",3,3,5,4,5,5,4,144501,4,53
"255","P487L","Finance","X7645X",4,4,5,5,6,5,5,59796,0,48
"256","O835S","Finance","X7645X",5,7,6,6,6,7,7,135701,1,28
"257","I413V","Ethics","W7742X",1,4,2,2,3,5,5,130406,5,36
"258","Z189D","R&D","X8066X",7,6,7,7,7,7,NA,51918,1,41
"259","J144O","Finance","Y4468Y",5,7,7,7,6,7,7,80343,9,51
"260","F464O","R&D","Y3553W",7,5,7,7,7,7,7,59289,1,49
"261","T856G","R&D","X3607X",1,5,2,3,3,7,7,45983,5,42
"262","N245J","Ethics","W7742X",5,2,6,6,7,3,4,132590,0,46
"263","S229P","DSI","V8472W",7,5,7,7,7,7,6,148410,10,52
"264","K686G","Finance","Y9641W",7,3,7,7,7,5,4,48889,1,27
"265","T292I","Health","Z4101Z",7,3,7,7,7,4,5,59136,3,52
"266","G879Q","R&D","V4497X",4,7,5,5,6,7,7,70556,10,27
"267","W404K","R&D","Y3553W",7,4,7,7,7,6,NA,134865,6,32
"268","U673Q","Finance","Y4468Y",5,3,6,6,7,5,NA,161098,9,35
"269","T404R","Finance","Z7298V",7,7,7,7,7,7,7,123304,0,30
"270","U428R","R&D","Z2464Y",3,1,4,4,6,2,3,49877,0,53
"271","P224G","Finance","Z7298V",2,4,5,3,3,6,5,129543,8,53
"272","P177M","Health","V7487V",1,4,3,2,3,5,6,57814,2,37
"273","K156V","R&D","X3607X",1,5,2,2,2,6,6,93196,7,45
"274","F248Z","Finance","Y4468Y",1,4,2,2,2,6,6,58317,0,47
"275","D562E","Finance","Y9641W",4,1,5,5,5,3,2,53461,2,44
"276","Y892J","Finance","Z7298V",2,6,3,4,4,7,7,79401,7,52
"277","E737K","R&D","V4497X",2,3,4,4,3,5,4,46500,0,46
"278","E191U","R&D","V4497X",3,3,4,5,5,5,4,55797,3,22
"279","P990K","Health","Z4101Z",7,1,7,7,7,2,3,53531,1,55
"280","W784L","R&D","V4497X",1,4,2,3,2,6,6,48674,4,26
"281","Q493B","R&D","Y3553W",7,6,7,7,7,7,7,144736,10,25
"282","F713R","R&D","X8066X",6,6,7,7,7,7,NA,68330,10,44
"283","C810P","R&D","X3607X",4,6,7,5,6,7,7,58630,0,22
"284","L345X","Ethics","W7742X",1,6,2,3,2,7,7,65239,8,52
"285","V230Z","R&D","Z2464Y",3,3,4,5,4,4,4,147343,5,45
"286","T867O","Finance","Y9641W",3,5,5,5,5,7,7,76814,10,40
"287","C747S","Health","V7487V",4,6,5,5,5,7,7,81437,4,37
"288","S957P","R&D","Y3553W",5,5,6,7,7,7,6,127436,9,43
"289","A312K","Health","V7487V",5,5,6,7,6,6,6,77751,8,42
"290","R700R","R&D","Y3553W",7,7,7,7,7,7,NA,93339,0,27
"291","F513T","Finance","Z7298V",4,2,5,6,6,3,3,96842,6,51
"292","D761O","Ethics","W7742X",1,6,2,3,2,7,7,72554,10,48
"293","I805J","Health","V7487V",4,6,6,6,5,7,7,97146,9,48
"294","Z981F","Finance","X7645X",6,3,7,7,7,5,4,45778,0,48
"295","R501Z","Finance","Z7298V",5,4,6,6,7,5,5,55622,7,55
"296","M142Y","Finance","Z7298V",6,6,7,7,7,7,7,58655,4,54
"297","X331O","Finance","X7645X",4,3,6,6,6,5,5,71484,3,29
"298","O192I","R&D","X3607X",7,7,7,7,7,7,7,114054,1,39
"299","X298J","R&D","Z2464Y",3,5,4,4,5,7,6,76366,8,36
"300","B771W","Finance","X7645X",7,1,7,7,7,2,NA,117477,1,41
"301","M319J","R&D","X8066X",2,4,4,3,3,4,6,55377,7,33
"302","B427N","DSI","I511L",7,5,7,7,7,7,5,102702,3,30
"303","Q291W","R&D","X8066X",6,6,6,7,7,7,NA,80473,9,43
"304","Q353M","Finance","Y7685W",3,1,5,5,5,2,3,75129,9,36
"305","X276S","R&D","V4497X",6,1,7,6,7,2,3,69699,10,32
"306","L458P","R&D","V4497X",2,7,4,4,3,7,7,71769,8,53
"307","N779J","R&D","Y3553W",6,3,7,7,7,4,5,118095,2,29
"308","Y919L","Finance","Y7685W",5,6,6,6,6,7,7,99786,9,47
"309","C501E","Ethics","X8022Z",4,6,4,5,5,7,7,75572,9,48
"310","B633Y","DSI","V8472W",5,4,6,6,6,6,5,46380,3,28
"311","I674N","Finance","Y4468Y",2,2,3,3,4,3,4,48969,4,54
"312","Q943Z","R&D","X3607X",7,5,7,7,7,6,7,77016,8,30
"313","R250U","R&D","Y3553W",3,5,4,5,4,6,7,74237,10,44
"314","O231K","Health","V7487V",7,2,7,7,7,3,3,53922,4,55
"315","P914P","Health","V7487V",5,3,7,6,6,5,4,45147,1,22
"316","G790U","R&D","X8066X",3,7,5,4,4,7,7,50784,7,29
"317","J710Q","Finance","Y9641W",1,2,2,2,3,4,3,47423,4,46
"318","V744R","Ethics","X8022Z",6,6,7,7,7,7,NA,53610,6,54
"319","G568U","R&D","Y3553W",5,5,7,7,7,6,6,46494,5,33
"320","Z620A","R&D","V4497X",2,2,3,4,4,3,3,71011,10,32
"321","U661H","Health","W8102W",5,1,6,6,6,2,NA,78251,8,36
"322","Q784D","Finance","Y7685W",1,1,2,3,3,2,3,77743,8,27
"323","J473H","R&D","X8066X",1,3,3,2,2,5,5,76813,9,52
"324","U945A","R&D","X3607X",7,7,7,7,7,7,7,57149,7,55
"325","T934V","Health","W8102W",5,6,7,7,7,7,NA,58127,4,38
"326","Y447L","Ethics","W2205Z",5,7,6,7,7,7,7,48218,2,37
"327","V954E","Finance","Y7685W",4,5,5,4,5,6,7,78293,10,41
"328","U149G","R&D","V4497X",7,7,7,7,7,7,NA,45915,7,45
"329","I809W","Ethics","W2205Z",2,4,3,3,3,7,6,59297,4,32
"330","H366G","Ethics","W7742X",2,4,3,3,3,6,5,53327,3,22
"331","Q396I","Health","W8102W",2,6,4,4,3,7,7,135850,7,38
"332","B919P","R&D","X3607X",4,2,6,6,5,3,4,125887,9,52
"333","U327J","Finance","X7645X",4,5,6,6,5,6,6,107643,10,31
"334","U850P","Health","V7487V",4,1,6,6,5,2,2,51411,1,53
"335","T475D","R&D","X3607X",2,4,4,3,3,5,5,50995,3,52
"336","U570S","R&D","X8066X",3,4,4,5,5,5,6,101786,3,40
"337","L852C","DSI","V8472W",1,1,4,2,3,2,2,46612,1,25
"338","O226F","R&D","X3607X",2,4,3,3,4,6,5,48782,6,34
"339","K598B","Ethics","X8022Z",5,4,7,6,7,6,NA,48874,1,45
"340","M561Q","R&D","V4497X",1,5,2,2,3,7,7,54544,1,29
"341","P362M","Finance","Y7685W",3,3,5,5,3,5,5,68688,9,43
"342","A533R","DSI","V8472W",5,6,6,7,7,7,NA,97897,9,39
"343","A810A","R&D","Y3553W",1,1,2,2,3,2,2,59554,4,45
"344","S282T","Health","W8102W",6,7,7,7,7,7,7,157918,8,42
"345","N696T","R&D","X3607X",5,7,7,7,6,7,7,51498,7,54
"346","F165L","Finance","X7645X",2,6,3,4,3,7,7,105049,1,46
"347","W404G","Finance","Y4468Y",5,2,6,7,6,3,5,46494,2,40
"348","G972U","R&D","X3607X",6,2,7,7,7,3,3,54750,2,33
"349","V940M","R&D","Z2464Y",6,1,7,7,7,2,3,133779,6,29
"350","C866T","Ethics","W2205Z",2,3,4,3,3,4,5,61109,6,35
"351","M232Q","R&D","X8066X",7,3,7,7,7,4,4,99291,8,23
"352","P862O","Ethics","X8022Z",7,1,7,7,7,3,3,79767,8,25
"353","T275Y","Finance","Y4468Y",6,3,7,7,7,5,5,68912,9,36
"354","Z210P","Health","W8102W",7,6,7,7,7,7,7,70467,9,39
"355","V535Q","R&D","V4497X",6,1,7,7,7,2,3,47868,1,46
"356","L881X","Finance","X7645X",2,3,3,4,3,4,5,80899,9,35
"357","R942M","R&D","V4497X",4,3,5,5,5,5,5,48358,0,49
"358","X304B","Finance","X7645X",6,7,7,7,7,7,NA,54047,5,51
"359","M845N","Ethics","X8022Z",7,6,7,7,7,7,NA,51022,0,55
"360","J389D","Ethics","X8022Z",4,5,5,6,5,7,6,50553,4,33
"361","I640S","R&D","X3607X",6,4,7,7,7,6,NA,112523,8,30
"362","P578T","R&D","X8066X",6,2,7,7,7,3,3,50187,4,24
"363","V881H","R&D","V4497X",2,2,4,3,4,3,4,69417,8,35
"364","F423C","Health","W8102W",6,6,7,7,7,7,7,90492,1,31
"365","S764T","Ethics","W2205Z",1,4,3,2,3,5,5,69936,8,53
"366","A805C","Finance","Y7685W",2,2,3,4,4,3,3,138625,6,41
"367","D485W","R&D","Y3553W",4,7,6,6,5,7,7,52910,3,26
"368","A757X","R&D","X3607X",3,1,4,5,5,3,3,115375,10,22
"369","Z614X","Health","V7487V",5,2,7,6,6,3,3,54831,2,50
"370","M565Z","Health","W8102W",5,1,7,6,7,3,NA,50188,6,41
"371","W639Y","Finance","Y4468Y",1,6,2,2,2,7,7,134909,2,49
"372","J217M","Finance","Y9641W",6,3,7,7,7,5,4,53870,6,51
"373","B726Y","Health","Z4101Z",4,3,5,6,6,4,NA,96567,4,47
"374","N801C","Health","W8102W",5,6,6,7,7,7,7,53745,3,28
"375","U477C","Finance","Y9641W",5,5,6,7,6,6,6,50162,0,44
"376","R676H","Finance","Y7685W",6,7,7,7,7,7,7,57532,2,55
"377","N580M","Ethics","X8022Z",7,2,7,7,7,5,3,127793,10,30
"378","I365O","Finance","Y4468Y",7,4,7,7,7,5,6,56638,6,23
"379","P262X","Health","W8102W",5,4,7,7,6,5,5,45632,3,28
"380","C815E","Ethics","X8022Z",6,7,7,7,7,7,NA,66115,10,51
"381","A564Y","Health","V7487V",3,7,5,5,4,7,7,53418,1,28
"382","B517W","R&D","Z2464Y",6,2,7,7,7,4,NA,51665,4,40
"383","M145H","Finance","Y7685W",3,7,5,5,5,7,7,50583,6,33
"384","Z461P","Health","V7487V",5,2,6,5,7,4,3,46557,0,29
"385","T802F","DSI","V8472W",7,7,7,7,7,7,NA,147471,0,25
"386","D304N","Finance","Z7298V",4,7,5,5,6,7,7,144211,3,45
"387","A412R","Finance","Z7298V",6,7,7,7,7,7,7,53807,7,43
"388","G617J","Health","W8102W",7,1,7,7,7,3,3,149250,2,23
"389","T588R","Ethics","X8022Z",7,7,7,7,7,7,NA,53532,6,49
"390","B456O","Ethics","W2205Z",6,2,7,7,7,4,4,55888,3,30
"391","K405A","R&D","Y3553W",5,5,6,6,7,7,7,124759,2,22
"392","J595A","Health","Z4101Z",1,5,2,2,2,5,6,101965,8,39
"393","F982F","Finance","Y9641W",3,4,4,5,5,5,5,71919,10,48
"394","J526I","R&D","Y3553W",4,7,5,6,7,7,7,53181,1,24
"395","O922V","DSI","V8472W",5,2,7,7,7,3,3,79594,8,39
"396","K787O","R&D","V4497X",4,5,5,6,5,7,6,74785,8,22
"397","Q481I","Health","Z4101Z",1,3,2,3,3,5,5,116418,3,38
"398","B850U","DSI","V8472W",4,4,7,5,5,5,5,47919,1,36
"399","S407D","Finance","Y9641W",1,3,3,3,3,4,5,59897,2,46
"400","S112A","R&D","Y3553W",7,2,7,7,7,4,NA,106734,1,22
"401","L715W","Health","V7487V",6,5,7,7,7,6,6,95116,8,30
"402","F626A","Health","V7487V",3,7,3,5,4,7,7,55102,5,36
"403","N941U","DSI","I511L",3,7,4,4,5,7,5,51476,1,37
"404","L950C","Health","Z4101Z",3,5,5,4,5,6,7,57031,0,38
"405","M187Y","Finance","Y4468Y",3,5,4,4,4,6,NA,72571,1,31
"406","T718L","R&D","X3607X",5,7,6,6,7,7,7,97251,6,24
"407","K618G","R&D","X3607X",1,7,3,2,2,7,7,146374,0,36
"408","B146O","Finance","X7645X",5,3,7,6,6,5,3,74215,10,50
"409","S691G","R&D","X3607X",7,2,7,7,7,3,3,123909,7,23
"410","G287I","Health","Z4101Z",4,1,6,5,6,3,2,113736,6,39
"411","P327C","R&D","X3607X",2,6,3,4,4,7,7,74276,8,29
"412","M965W","R&D","X8066X",6,5,7,7,7,7,5,48914,5,46
"413","E986H","R&D","X3607X",4,4,6,6,5,5,5,54246,5,24
"414","B984G","Finance","Y4468Y",2,2,3,4,3,3,4,130942,6,43
"415","V739F","Finance","Y4468Y",3,6,4,4,5,7,7,73805,10,34
"416","C378Y","Ethics","W2205Z",7,5,7,7,7,6,NA,74135,9,31
"417","F226G","R&D","Y3553W",5,5,7,7,7,6,6,75450,10,55
"418","B927M","Health","V7487V",1,7,2,2,3,7,7,50289,4,51
"419","Y330M","Ethics","W7742X",1,2,2,1,2,3,3,51623,2,28
"420","L793N","R&D","Z2464Y",6,5,7,7,7,7,7,50590,5,26
"421","U485M","Health","Z4101Z",2,1,3,3,3,2,2,56271,1,44
"422","T205M","R&D","V4497X",4,7,5,5,5,7,7,59671,5,25
"423","R947I","R&D","Z2464Y",1,2,3,2,2,4,3,106944,4,32
"424","U636T","Ethics","X8022Z",3,2,4,4,5,3,3,54154,5,38
"425","R200P","Ethics","X8022Z",4,2,5,5,6,4,4,72252,10,40
"426","H598Q","Health","Z4101Z",4,1,6,5,4,3,3,46597,4,49
"427","H593H","Ethics","W7742X",3,4,5,4,5,6,6,57336,5,39
"428","W537X","Ethics","W7742X",4,3,6,5,5,5,4,113823,9,52
"429","W107G","Finance","X7645X",5,7,7,6,7,7,7,73799,0,33
"430","S637U","Finance","Y7685W",2,2,3,4,3,3,4,73187,9,41
"431","P740Y","Ethics","W2205Z",6,3,7,7,7,4,NA,76095,8,47
"432","G831I","Finance","Y4468Y",7,5,7,7,7,6,7,68614,9,26
"433","M252K","Finance","Z7298V",5,5,6,6,6,6,7,73187,10,44
"434","B565D","Health","V7487V",6,6,7,7,7,7,NA,67277,10,37
"435","B890H","R&D","Y3553W",7,2,7,7,7,4,3,58395,6,42
"436","Y587I","Finance","X7645X",2,4,3,3,2,6,5,137157,4,47
"437","W643Z","Ethics","X8022Z",6,7,7,7,7,7,NA,143324,7,48
"438","H380Q","Finance","Y4468Y",1,1,3,3,4,2,4,71601,7,31
"439","S767O","Health","Z4101Z",4,4,4,6,6,6,5,55050,4,39
"440","P620E","R&D","Z2464Y",7,1,7,7,7,2,3,50737,0,37
"441","L704A","Finance","Y7685W",3,6,5,5,5,7,NA,53562,7,55
"442","W149I","Finance","X7645X",7,2,7,7,7,3,NA,69113,1,46
"443","Z938R","Health","Z4101Z",3,4,5,5,5,5,6,125622,2,29
"444","I636N","Finance","Z7298V",4,3,5,5,5,4,5,54582,5,27
"445","I454V","R&D","Z2464Y",1,7,2,3,2,7,7,139836,2,23
"446","E392L","R&D","V4497X",6,6,7,7,7,7,NA,76852,9,34
"447","P752Y","Health","Z4101Z",5,5,7,6,7,7,6,91560,0,53
"448","K127E","Finance","Z7298V",7,5,7,7,7,6,6,70310,8,51
"449","L864C","DSI","V8472W",1,1,3,3,3,2,3,51009,1,47
"450","C754R","Finance","Y4468Y",5,3,7,7,6,4,4,46560,5,43
"451","O607T","R&D","X3607X",1,5,2,3,2,5,6,53258,7,43
"452","L808T","Health","V7487V",3,3,4,5,5,4,5,45313,4,26
"453","V704R","R&D","V4497X",4,4,5,5,5,5,6,74556,9,50
"454","A126C","Finance","Y7685W",7,6,7,7,7,7,NA,72403,10,27
"455","K825B","Ethics","W7742X",5,6,6,7,6,7,NA,69642,2,44
"456","Q902X","R&D","X3607X",1,6,3,3,3,7,7,49555,4,23
"457","R809N","Finance","Z7298V",4,6,6,6,5,7,7,68679,8,38
"458","K441M","Finance","Y9641W",7,7,7,7,7,7,7,100252,9,42
"459","U503L","Health","Z4101Z",1,2,2,2,3,3,4,56821,5,37
"460","R981H","Finance","Z7298V",1,3,4,3,2,5,5,54145,3,23
"461","B935Q","Health","V7487V",7,2,7,7,7,4,3,136312,0,47
"462","K698B","Health","Z4101Z",2,6,4,2,4,7,7,103964,2,37
"463","T465U","Ethics","W7742X",7,3,7,7,7,4,5,52723,6,25
"464","U470P","Ethics","W2205Z",7,3,7,7,7,4,4,54988,1,26
"465","W656Q","R&D","X3607X",3,3,5,5,5,4,5,146330,10,31
"466","R543Y","Health","V7487V",7,4,7,7,7,5,NA,104098,7,23
"467","Q272O","Ethics","W2205Z",7,6,7,7,7,7,7,47325,7,27
"468","Y630V","Ethics","X8022Z",4,3,6,6,5,5,5,54812,0,46
"469","W266V","Finance","Y4468Y",5,6,6,6,6,7,7,59464,5,54
"470","Z526L","DSI","V8472W",6,3,7,7,7,5,5,51703,6,27
"471","W408G","R&D","X3607X",2,3,4,4,3,4,5,56604,5,23
"472","F182X","Health","W8102W",4,7,6,6,6,7,7,56445,5,54
"473","F895Q","R&D","X8066X",2,3,3,3,4,4,6,72991,9,25
"474","S159E","R&D","X3607X",1,2,2,2,4,3,4,59568,1,25
"475","T563N","Finance","Y4468Y",6,7,7,7,7,7,7,68968,10,26
"476","B236E","Finance","Z7298V",5,7,7,6,7,7,NA,114624,1,35
"477","A163W","Health","V7487V",5,5,6,7,6,7,7,57934,0,27
"478","L817N","Finance","Y9641W",7,3,7,7,7,4,NA,51124,3,47
"479","U125Q","Finance","X7645X",6,2,7,7,7,4,NA,58348,4,22
"480","Y763L","Finance","Y7685W",3,4,5,5,4,6,5,54022,3,32
"481","R175O","R&D","Z2464Y",2,2,4,3,3,4,3,50763,1,45
"482","G646F","Health","Z4101Z",1,5,3,2,1,7,7,67682,9,34
"483","Q127D","Finance","Y4468Y",4,5,6,5,5,6,7,53475,7,54
"484","K940S","Finance","X7645X",1,7,3,3,3,7,7,59874,4,38
"485","E299D","R&D","X3607X",3,2,3,5,5,2,3,53982,0,26
"486","A105D","Health","W8102W",3,4,5,4,5,6,6,47779,3,49
"487","X567M","R&D","Y3553W",6,5,7,7,7,7,6,46251,2,53
"488","V164R","R&D","V4497X",3,5,5,4,4,6,NA,78052,10,34
"489","C616W","Health","V7487V",6,2,7,7,7,3,3,90662,6,55
"490","J407V","R&D","Y3553W",4,5,6,5,6,6,NA,57061,6,30
"491","G413K","Finance","Y9641W",6,4,7,7,7,6,NA,68268,7,38
"492","L937D","Ethics","X8022Z",1,6,3,3,2,7,7,75650,8,52
"493","F419N","Health","W8102W",7,5,7,7,7,7,6,57872,7,28
"494","U821X","Health","W8102W",4,6,6,6,5,7,NA,73371,4,52
"495","F154Z","Health","Z4101Z",7,3,7,7,7,4,4,86687,4,29
"496","P345W","R&D","Y3553W",7,4,7,7,7,5,6,143340,7,40
"497","P656Z","R&D","X3607X",3,4,4,4,5,5,5,53121,7,24
"498","D260N","R&D","Y3553W",6,2,7,7,7,4,NA,88548,8,42
"499","N179Y","Health","Z4101Z",1,7,3,3,3,7,7,56627,6,41
"500","M984H","R&D","Y3553W",5,7,7,6,6,7,7,105234,0,36
"501","I694M","Ethics","X8022Z",2,4,3,3,4,5,6,52751,5,30
"502","Q768Z","Ethics","X8022Z",3,7,4,4,4,7,7,104817,1,22
"503","Q842D","R&D","Y3553W",4,1,5,5,5,2,2,52048,1,38
"504","L902I","R&D","V4497X",5,3,7,6,6,4,5,53885,3,50
"505","J501B","R&D","V4497X",3,6,5,5,5,7,7,97253,4,46
"506","C312J","R&D","X8066X",7,7,7,7,7,7,7,72441,8,36
"507","G578E","Health","Z4101Z",6,6,7,7,7,7,7,77184,10,39
"508","Q294U","R&D","Y3553W",3,7,4,5,4,7,7,94589,6,45
"509","D976R","Health","V7487V",1,6,3,4,2,7,7,139380,9,22
"510","U173Y","Ethics","X8022Z",5,3,7,6,7,5,5,53563,3,35
"511","I148R","R&D","X3607X",7,6,7,7,7,7,7,51202,7,35
"512","X910A","Ethics","W7742X",1,6,2,2,3,7,7,54226,0,55
"513","P358K","Finance","Y9641W",6,2,7,7,7,5,4,54098,1,37
"514","C782M","Finance","Y7685W",1,6,3,2,3,7,NA,160732,10,54
"515","Y914U","R&D","V4497X",4,6,6,5,6,7,NA,111909,4,40
"516","R290N","Finance","X7645X",4,7,5,5,5,7,7,170961,9,34
"517","A105O","DSI","V8472W",2,1,3,3,4,1,2,73775,10,47
"518","R809M","Ethics","W7742X",6,2,7,7,7,4,4,95048,0,45
"519","T881C","Finance","Y7685W",7,5,7,7,7,7,NA,49555,7,50
"520","T434C","R&D","Z2464Y",6,3,7,7,7,4,5,77435,6,33
"521","Z307A","Health","Z4101Z",2,1,4,3,4,4,3,57149,2,42
"522","A349L","Health","Z4101Z",1,7,3,2,2,7,7,58980,3,27
"523","N148B","Ethics","W7742X",2,3,4,3,3,5,4,50543,6,51
"524","R466J","Finance","Z7298V",4,5,5,6,6,6,7,53385,2,27
"525","V883E","R&D","Z2464Y",6,7,7,7,7,7,7,98179,8,41
"526","K321B","Finance","Y9641W",6,7,7,6,7,7,NA,49307,2,48
"527","O468M","R&D","X8066X",4,7,6,5,5,7,7,97226,2,45
"528","B878Z","R&D","V4497X",1,4,3,3,2,6,NA,122790,10,29
"529","G614F","Finance","Z7298V",7,1,7,7,7,2,3,54547,2,36
"530","R282V","Finance","Z7298V",7,2,7,7,7,3,3,53940,7,55
"531","P900O","Health","Z4101Z",6,6,7,7,7,7,NA,49914,3,35
"532","M500H","R&D","Z2464Y",7,2,7,7,7,3,4,104072,3,25
"533","V745O","R&D","Z2464Y",1,4,3,2,3,6,6,124460,1,43
"534","P540C","Ethics","X8022Z",1,7,3,2,1,7,7,56781,6,37
"535","R802Q","Health","W8102W",7,4,7,7,7,5,6,86791,7,41
"536","R393I","R&D","Z2464Y",4,5,6,5,6,7,6,74896,10,40
"537","X283Z","Ethics","W2205Z",5,5,6,7,6,6,6,66909,9,36
"538","Y963Y","Ethics","W2205Z",7,6,7,7,7,7,NA,58491,4,50
"539","D281K","Ethics","W7742X",1,6,3,2,2,7,7,145824,1,34
"540","Z623G","Ethics","W2205Z",6,5,7,7,7,6,NA,55703,5,54
"541","C417N","Finance","Y9641W",1,7,4,3,3,7,7,56502,5,23
"542","P285N","Finance","Y4468Y",1,1,2,2,2,2,3,51680,7,36
"543","N862Y","R&D","Y3553W",7,7,7,7,7,7,NA,109655,1,27
"544","C800Z","Finance","Y7685W",5,5,6,6,5,7,6,95368,10,40
"545","Y977G","DSI","V8472W",4,4,6,6,5,4,6,63511,1,49
"546","N311Y","Finance","X7645X",7,4,7,7,7,6,5,54796,6,28
"547","O149W","Health","V7487V",2,1,3,3,4,2,3,78694,8,27
"548","L880B","DSI","V8472W",5,1,6,6,7,2,2,54298,3,31
"549","L250V","R&D","Z2464Y",3,4,5,5,5,6,5,46216,3,30
"550","C316N","Ethics","W7742X",2,4,5,3,2,5,5,64998,4,30
"551","Z878V","Finance","X7645X",3,5,4,3,4,7,7,121765,1,50
"552","K564D","Finance","Y4468Y",3,6,4,5,5,7,6,51231,3,33
"553","S897M","Health","Z4101Z",2,2,3,3,3,3,4,72963,8,30
"554","Q246S","Health","Z4101Z",3,5,5,5,4,7,7,56464,0,45
"555","W264O","Finance","Y7685W",3,5,4,4,5,6,7,77700,8,27
"556","Q138V","Ethics","W7742X",6,5,7,7,7,7,5,75372,0,42
"557","E849B","R&D","Z2464Y",7,5,7,7,7,7,6,56233,0,35
"558","G396R","Ethics","W2205Z",7,2,7,7,7,3,4,53878,7,28
"559","J199A","Health","V7487V",4,6,5,5,6,7,7,53801,5,22
"560","S300Z","R&D","X8066X",5,4,6,7,7,5,6,149088,2,42
"561","V348H","DSI","V8472W",6,3,7,7,7,4,NA,126874,10,54
"562","H350W","Finance","Y9641W",4,1,6,5,5,3,1,57087,5,22
"563","V972D","Finance","Z7298V",7,3,7,7,7,4,4,115686,9,32
"564","W840K","Ethics","W2205Z",6,4,7,7,7,5,5,65581,10,43
"565","B621W","Finance","Y9641W",6,2,7,7,7,3,4,45891,0,54
"566","Z541Z","Finance","Y4468Y",7,7,7,7,7,7,7,90637,6,38
"567","V214W","Finance","Y9641W",4,2,5,5,6,4,3,56868,1,33
"568","D156V","Health","V7487V",7,2,7,7,7,4,NA,76035,1,23
"569","K442V","R&D","Y3553W",1,6,2,2,3,7,7,53377,5,40
"570","M821I","Health","V7487V",5,5,7,6,6,6,7,45460,2,27
"571","T318S","R&D","Z2464Y",4,4,6,5,5,6,5,59522,2,47
"572","N611V","R&D","Y3553W",7,7,7,7,7,7,7,46243,1,43
"573","A338R","R&D","V4497X",4,3,5,6,5,4,5,65996,8,31
"574","K780I","R&D","X3607X",2,7,3,3,4,7,7,67517,2,53
"575","N926E","Finance","Y4468Y",6,1,7,7,7,3,NA,54580,6,51
"576","W231T","Ethics","W2205Z",6,1,7,7,7,3,2,55957,4,55
"577","A935C","Finance","Y7685W",7,4,7,7,7,5,5,133627,1,51
"578","D374A","Finance","X7645X",4,5,5,6,6,7,NA,94730,1,30
"579","M111F","R&D","Z2464Y",2,5,3,4,3,7,6,113524,1,28
"580","Y720U","R&D","V4497X",4,4,6,6,6,5,6,58125,5,23
"581","V410N","R&D","Z2464Y",7,6,7,7,7,7,7,165339,8,51
"582","Q320J","R&D","Y3553W",4,5,5,7,7,6,6,54012,3,48
"583","Q217F","DSI","V8472W",6,3,7,7,7,5,NA,50932,2,44
"584","Y510J","Ethics","W7742X",6,3,7,6,7,4,5,123076,0,31
"585","U268L","Finance","X7645X",3,1,5,5,3,3,3,89008,7,24
"586","L835T","Finance","X7645X",4,4,4,6,6,7,NA,93022,8,47
"587","F549M","Finance","Y9641W",6,3,7,7,7,4,4,56440,3,47
"588","W607H","Finance","X7645X",5,4,7,7,6,6,5,45931,7,54
"589","Y611R","R&D","X8066X",5,5,6,7,7,6,7,122300,8,55
"590","Z897S","R&D","Z2464Y",2,2,3,4,3,3,4,58823,4,52
"591","P687D","Finance","Y9641W",6,3,7,7,7,5,5,58543,1,31
"592","N484X","Finance","Y9641W",2,6,3,3,3,7,7,51343,4,25
"593","C386I","Ethics","X8022Z",2,5,3,4,3,6,7,69343,1,54
"594","T613A","Finance","Y7685W",3,3,4,4,5,5,5,119544,4,52
"595","M579F","Finance","X7645X",6,2,7,7,7,4,3,81510,6,33
"596","Y606L","Finance","Y9641W",7,5,7,7,7,7,6,53275,5,44
"597","C260D","R&D","V4497X",4,3,6,6,5,5,5,81434,9,46
"598","C195K","R&D","Y3553W",5,6,7,6,7,7,7,49208,1,52
"599","Q782H","Finance","Y7685W",1,6,2,2,3,7,7,46346,0,22
"600","H200C","Health","V7487V",7,3,7,7,7,4,4,59021,0,50
"601","E406M","Health","Z4101Z",3,3,4,4,4,5,4,74196,9,40
"602","I876Y","Health","V7487V",4,5,6,6,6,7,6,69823,10,35
"603","U303N","R&D","X8066X",5,5,7,7,7,6,7,49601,0,31
"604","A566U","Finance","Y4468Y",1,5,3,2,2,6,6,53132,3,40
"605","R783P","Health","W8102W",1,6,3,3,3,7,7,151717,10,49
"606","K680E","Health","Z4101Z",3,5,4,5,5,7,6,50648,2,25
"607","D521C","DSI","V8472W",2,6,3,4,3,7,7,66875,10,42
"608","M360C","Health","W8102W",7,1,7,7,7,2,2,140429,4,22
"609","E448Q","Finance","Y9641W",7,4,7,7,7,5,5,56644,1,25
"610","I613B","R&D","Y3553W",4,4,6,6,5,5,NA,107243,7,27
"611","W736M","R&D","Z2464Y",4,7,6,6,6,7,7,54268,5,25
"612","D739J","R&D","X3607X",2,5,4,3,4,6,7,70926,5,25
"613","T346Y","Ethics","X8022Z",6,6,7,7,7,7,7,46639,7,36
"614","N665E","Ethics","X8022Z",3,1,4,5,4,3,3,63452,10,36
"615","Z970Z","Finance","Y9641W",6,1,7,7,7,2,3,53148,4,22
"616","D894Q","Finance","Y4468Y",6,6,7,7,7,7,7,95934,8,41
"617","N808P","Finance","X7645X",3,7,4,5,5,7,7,95430,5,30
"618","M127Q","R&D","Z2464Y",6,4,7,7,7,6,6,120911,10,39
"619","I107H","Finance","Y7685W",2,1,4,4,3,2,4,76370,9,41
"620","Z535Y","R&D","X8066X",4,2,6,5,5,3,4,128886,3,31
"621","E419N","Ethics","X8022Z",6,4,7,7,7,6,6,89224,6,54
"622","T164C","Finance","Y4468Y",1,2,3,1,3,4,3,70159,9,25
"623","O355B","Health","V7487V",2,7,3,2,4,7,7,53931,5,49
"624","B770O","R&D","X3607X",7,3,7,7,7,5,4,91154,3,35
"625","E527E","R&D","Z2464Y",3,2,4,4,5,4,4,65944,8,33
"626","I849W","R&D","Y3553W",2,7,4,4,4,7,7,46945,3,44
"627","U866O","R&D","X8066X",5,1,6,7,7,2,2,46570,4,25
"628","V670X","Health","W8102W",4,2,5,5,6,4,NA,56559,5,27
"629","S845N","Finance","Y7685W",6,1,7,7,7,2,2,53190,2,34
"630","E566Z","R&D","V4497X",2,7,4,4,4,7,NA,48068,1,55
"631","D562M","Finance","Y9641W",7,5,7,7,7,7,6,52468,7,36
"632","S913D","R&D","Y3553W",5,1,6,7,7,2,4,75386,8,23
"633","Y780P","Finance","Y4468Y",1,3,2,3,3,5,5,52061,0,34
"634","L359O","R&D","V4497X",4,4,6,5,6,5,5,46704,5,30
"635","B777Z","Ethics","W2205Z",3,4,5,4,4,5,6,75328,10,30
"636","R141B","Finance","Y4468Y",3,4,5,4,4,5,NA,55734,2,32
"637","O417S","Health","V7487V",4,3,6,6,5,5,6,102997,8,35
"638","Z583U","Health","V7487V",5,6,7,6,6,7,7,51082,4,30
"639","S979E","Finance","Y4468Y",2,3,3,3,3,4,4,133185,8,25
"640","B706E","Health","W8102W",2,7,4,3,4,7,7,54173,5,50
"641","H572I","R&D","X8066X",7,4,7,7,7,6,NA,55915,5,27
"642","F135I","R&D","V4497X",7,7,7,7,7,7,7,55925,3,50
"643","D332N","R&D","Y3553W",1,4,3,2,2,5,6,56342,6,22
"644","I386X","Ethics","X8022Z",7,4,7,7,7,5,6,165990,8,45
"645","H675A","Ethics","X8022Z",6,2,6,7,7,3,4,144303,0,35
"646","X854E","Ethics","W7742X",5,7,7,6,6,7,NA,57143,5,43
"647","W689I","Health","V7487V",1,5,2,3,3,6,6,95028,9,27
"648","D212L","Finance","Y7685W",5,7,7,6,7,7,7,55007,7,22
"649","C144I","Health","Z4101Z",2,3,3,4,3,5,5,46673,7,47
"650","X411C","Finance","Y4468Y",4,6,5,6,5,7,7,134582,2,45
"651","T346N","R&D","Z2464Y",5,1,6,6,7,2,3,48052,7,51
"652","M239R","Health","W8102W",1,4,3,3,3,5,6,46891,7,37
"653","D179F","Finance","X7645X",2,6,3,3,3,7,7,143948,4,25
"654","C979O","R&D","X8066X",4,5,6,5,5,7,7,91196,8,23
"655","U274T","DSI","V8472W",7,2,7,7,7,4,NA,49540,7,43
"656","M100S","R&D","X3607X",4,3,7,7,6,5,5,54817,2,55
"657","J858I","Finance","Z7298V",1,1,3,2,2,3,3,71256,9,23
"658","E143H","Finance","Y7685W",3,5,4,5,5,7,7,104705,4,33
"659","W239Q","Health","V7487V",3,7,5,4,4,7,NA,78503,8,24
"660","V880E","DSI","V8472W",6,2,7,7,7,3,4,79688,6,46
"661","A907P","Finance","X7645X",3,3,4,4,4,5,4,53961,0,26
"662","M489C","Health","W8102W",4,2,5,6,6,4,4,85510,9,34
"663","S997J","Ethics","W2205Z",2,4,4,3,3,6,6,59970,5,42
"664","N198N","Ethics","W2205Z",5,6,6,7,6,7,7,118262,8,40
"665","K626O","DSI","V8472W",7,6,7,7,7,7,7,61356,4,22
"666","Y914Y","R&D","X3607X",4,3,6,6,5,4,4,127911,6,22
"667","D647A","Health","Z4101Z",3,2,4,5,5,4,4,52570,2,41
"668","N601F","Finance","Y9641W",7,1,7,7,7,3,3,72204,10,28
"669","A613N","Ethics","X8022Z",2,7,3,3,3,7,NA,56869,6,27
"670","N382Y","Finance","Z7298V",3,4,5,4,4,6,5,49729,2,45
"671","Y158P","Health","V7487V",5,2,6,6,7,3,3,48303,6,42
"672","N838A","Ethics","W2205Z",3,4,5,5,5,6,5,166534,8,45
"673","K592Z","Ethics","W7742X",2,3,3,3,4,4,4,74889,10,47
"674","B545J","Health","V7487V",5,2,7,6,6,4,3,56640,5,30
"675","B839G","Finance","Y7685W",7,6,7,7,7,7,NA,139905,10,48
"676","R174J","Finance","Y9641W",5,7,5,6,7,7,NA,49139,6,27
"677","R386G","R&D","X8066X",1,6,2,3,2,7,7,106354,8,24
"678","K285H","R&D","Z2464Y",1,6,3,2,2,7,7,54451,5,53
"679","X487T","Finance","Y7685W",3,6,3,4,4,7,7,45542,1,34
"680","X534B","Health","Z4101Z",6,6,7,7,7,7,7,62136,9,50
"681","J784G","Finance","Y4468Y",2,6,5,3,4,7,7,71883,8,37
"682","J506G","Finance","Y7685W",3,6,5,5,4,7,7,73519,10,29
"683","D196A","Finance","Y9641W",2,1,3,3,4,3,3,149552,6,24
"684","Z515Q","Ethics","W2205Z",7,6,7,7,7,7,7,92890,0,46
"685","W823K","Ethics","W7742X",3,7,4,5,4,7,7,82102,1,22
"686","V328E","Finance","Y4468Y",3,7,4,4,4,7,7,143032,3,55
"687","S809J","R&D","Y3553W",4,1,6,4,5,3,3,54476,0,27
"688","U621E","R&D","Y3553W",4,6,5,6,5,7,7,61674,8,41
"689","P521T","Health","Z4101Z",6,7,7,7,7,7,NA,78325,9,37
"690","N970Q","Health","W8102W",7,7,7,7,7,7,NA,69810,10,41
"691","Z530A","Ethics","X8022Z",1,3,2,2,4,5,5,72142,0,40
"692","K699M","Finance","Y9641W",2,2,3,3,4,4,4,58681,1,46
"693","E902S","Finance","Y4468Y",5,7,7,6,6,7,7,105486,7,32
"694","B677H","R&D","V4497X",7,5,7,7,7,7,NA,117931,4,42
"695","M419R","Finance","Y9641W",6,7,7,6,7,7,7,79850,8,43
"696","U685A","R&D","V4497X",3,3,6,3,5,5,5,47903,1,24
"697","M639F","Ethics","W7742X",2,6,4,4,4,7,7,71444,8,29
"698","R598B","DSI","V8472W",3,5,5,3,4,6,6,46173,1,50
"699","L565T","Finance","X7645X",7,7,7,7,7,7,7,112481,2,44
"700","A803L","Finance","Y9641W",3,3,5,4,5,4,4,50816,4,22
"701","A401E","Ethics","X8022Z",3,2,4,4,4,3,4,147526,6,22
"702","S655V","Finance","Y4468Y",3,1,4,5,5,2,2,49201,2,43
"703","D179H","R&D","X3607X",4,3,5,5,5,5,4,139630,10,48
"704","T841K","Finance","X7645X",5,3,7,7,7,5,4,56612,7,22
"705","S821O","Finance","Z7298V",2,2,3,3,3,3,4,75543,9,54
"706","A307B","Finance","Y9641W",6,4,7,7,7,5,5,75792,8,49
"707","W283L","Finance","Y7685W",6,2,7,7,7,4,NA,78617,9,34
"708","T520Z","R&D","V4497X",2,4,4,3,5,6,5,45224,0,37
"709","O370L","Health","W8102W",6,6,7,7,7,7,7,93533,7,44
"710","D842R","Finance","Y9641W",5,3,5,6,7,5,4,69544,9,55
"711","M800L","R&D","Y3553W",6,1,7,7,7,2,3,68729,9,36
"712","C789H","Health","Z4101Z",1,6,3,2,3,7,7,70092,9,30
"713","R263S","Finance","Y4468Y",5,1,7,7,7,3,NA,58920,5,22
"714","Y537Q","Finance","X7645X",5,1,5,6,6,3,2,45037,1,23
"715","U277O","Finance","Y7685W",2,7,3,4,4,7,7,47751,4,45
"716","G626B","Finance","X7645X",3,7,4,4,4,7,7,80166,4,47
"717","O969Z","Finance","Y7685W",3,4,4,5,4,5,6,47122,4,54
"718","U152V","R&D","V4497X",4,5,6,5,5,6,7,127278,9,52
"719","F464G","Health","Z4101Z",5,2,6,6,6,3,3,78095,8,26
"720","M296H","R&D","X3607X",3,4,5,5,5,5,5,58263,7,23
"721","J818N","Health","Z4101Z",7,5,7,7,7,7,NA,59855,5,29
"722","G790W","Finance","Y9641W",2,2,3,3,4,3,4,77939,7,55
"723","D854O","Finance","Y9641W",2,7,5,4,4,7,7,132779,1,22
"724","I625I","R&D","X8066X",2,5,3,4,4,6,6,81679,10,45
"725","P494G","Finance","Z7298V",4,4,6,5,5,5,NA,127762,2,49
"726","I948I","Finance","Y4468Y",7,7,7,7,7,7,NA,118100,4,39
"727","N793O","Finance","Z7298V",6,1,7,7,7,3,3,123766,4,38
"728","Q677R","Ethics","W7742X",3,7,5,5,5,7,7,144642,6,27
"729","B626M","Ethics","W7742X",3,7,4,5,5,7,7,56957,2,39
"730","W189L","R&D","Y3553W",3,5,5,5,4,6,7,95376,1,23
"731","O749I","Finance","Y4468Y",5,7,7,7,6,7,7,49565,1,30
"732","B171K","Finance","Z7298V",2,6,3,3,4,7,7,47877,1,40
"733","V784T","R&D","X3607X",3,7,4,4,4,7,7,54957,6,33
"734","E167D","Ethics","X8022Z",3,2,4,5,5,4,4,141017,3,47
"735","S773D","Finance","X7645X",2,4,4,2,4,5,5,106885,0,47
"736","L548N","R&D","X8066X",2,7,3,4,3,7,7,148188,6,30
"737","H742D","Finance","X7645X",1,1,3,2,3,2,2,50989,6,37
"738","J822E","Finance","Z7298V",1,4,3,3,3,6,6,108145,9,53
"739","D292I","Finance","Y9641W",3,7,4,5,4,7,7,171079,10,24
"740","E268R","Health","W8102W",3,2,4,4,5,4,3,47477,0,26
"741","H157E","R&D","V4497X",6,4,7,7,7,5,6,54045,6,31
"742","Z368W","Health","W8102W",5,7,7,7,7,7,7,111812,6,45
"743","Y978B","Finance","Z7298V",5,3,6,6,7,4,4,51505,0,50
"744","O677C","Ethics","W2205Z",1,4,3,3,3,5,5,53990,7,48
"745","U271X","R&D","Z2464Y",7,3,7,7,7,5,4,48326,1,47
"746","L865X","Finance","X7645X",7,5,7,7,7,6,7,76414,8,22
"747","Y260S","Ethics","W2205Z",7,1,7,7,7,3,2,57157,5,24
"748","C883I","DSI","V8472W",2,2,3,4,4,4,4,75163,10,44
"749","Q935O","Finance","Y7685W",4,1,6,6,7,2,3,74083,8,50
"750","Z447E","Finance","Y4468Y",3,6,5,6,4,7,7,144307,4,36
"751","M619Z","R&D","Y3553W",2,7,3,4,3,7,7,116555,9,24
"752","R125W","R&D","Y3553W",2,7,4,4,3,7,NA,49583,4,36
"753","N139C","Finance","Y7685W",5,2,7,6,7,3,NA,57963,4,54
"754","G163S","R&D","V4497X",6,3,7,6,7,4,4,95437,7,54
"755","L321L","Finance","Y7685W",3,2,3,5,4,3,4,145242,0,32
"756","D964W","R&D","V4497X",5,1,7,6,7,2,2,50931,3,30
"757","C738U","R&D","X8066X",1,2,2,3,2,4,4,70725,10,28
"758","R374W","R&D","X3607X",6,1,7,7,7,4,1,55250,1,28
"759","V420S","DSI","V8472W",5,5,6,7,6,7,6,52541,6,39
"760","O291G","Finance","Y9641W",3,7,3,4,4,7,7,98912,9,33
"761","T367F","R&D","X8066X",5,3,7,6,7,5,4,68398,10,29
"762","K815O","R&D","Y3553W",6,5,7,7,7,7,NA,59941,5,30
"763","Y913T","Finance","X7645X",4,5,6,6,5,6,7,68023,9,28
"764","J615C","R&D","X3607X",4,4,6,5,5,5,NA,106609,1,45
"765","R577Y","Health","V7487V",1,7,3,2,3,7,7,77241,8,51
"766","Z530D","Health","V7487V",1,1,3,2,2,3,3,56648,2,39
"767","Y418Y","Ethics","W2205Z",6,3,7,7,7,4,4,72171,9,44
"768","H889S","Ethics","X8022Z",6,1,7,7,7,2,3,65449,9,45
"769","M465E","Health","Z4101Z",5,1,6,6,6,3,3,146069,3,25
"770","Q822E","Ethics","X8022Z",7,5,7,7,7,6,NA,57149,1,32
"771","M725A","R&D","V4497X",3,6,4,4,4,7,7,53048,4,44
"772","S507X","Finance","Y4468Y",4,7,7,6,6,7,NA,53351,0,48
"773","J907C","R&D","X3607X",3,3,3,5,4,5,5,116017,2,50
"774","O240J","Health","V7487V",7,7,7,7,7,7,7,51036,5,26
"775","D289X","R&D","V4497X",4,2,6,5,5,3,4,136071,8,32
"776","U123J","R&D","Z2464Y",7,1,7,7,7,3,3,91283,2,23
"777","N472G","R&D","X8066X",7,1,7,7,7,3,2,54670,3,44
"778","B136A","Health","Z4101Z",5,6,7,7,7,7,7,56779,5,48
"779","V520R","Ethics","W2205Z",4,1,6,6,5,3,3,99900,10,42
"780","M238C","Finance","Z7298V",6,3,7,7,7,5,5,98648,7,41
"781","Y380B","R&D","Y3553W",1,2,3,2,3,4,4,54285,1,44
"782","C452S","Finance","X7645X",5,2,7,7,6,3,4,51907,0,48
"783","X885E","Finance","Y4468Y",5,6,7,6,6,7,7,55305,7,31
"784","L435E","Ethics","W7742X",5,6,7,6,6,7,7,75672,8,41
"785","L626M","Health","W8102W",2,5,4,3,3,7,7,133020,0,47
"786","G290R","Finance","Y9641W",6,6,7,7,7,7,7,147081,5,51
"787","P807K","R&D","X8066X",3,4,4,4,4,7,6,69088,10,23
"788","Y588W","R&D","Y3553W",4,4,5,5,5,6,5,45476,6,52
"789","Y343Q","Health","V7487V",1,7,3,2,2,7,NA,137824,5,50
"790","P110D","Finance","Y4468Y",2,6,4,4,4,7,7,139527,8,24
"791","Q931I","Ethics","W2205Z",6,3,6,7,7,5,5,69565,0,35
"792","P356S","R&D","Y3553W",1,2,3,3,3,3,4,101032,6,49
"793","N582T","DSI","V8472W",5,2,6,6,6,4,3,52883,2,47
"794","U681V","Finance","Y9641W",1,5,2,2,2,7,7,47155,2,49
"795","C107S","R&D","Y3553W",6,6,7,7,7,7,7,51244,3,31
"796","Q899K","Finance","Z7298V",4,2,6,5,6,4,NA,59213,4,45
"797","Q541E","Finance","Y7685W",7,2,7,7,7,4,5,53581,3,25
"798","S647C","R&D","X8066X",7,2,7,7,7,4,3,53357,3,29
"799","G352D","R&D","Z2464Y",6,5,7,7,6,7,7,49700,7,53
"800","E118F","Ethics","W7742X",4,1,5,6,6,3,2,45573,2,34
"801","V773M","R&D","V4497X",4,3,6,5,6,4,3,52258,4,41
"802","W976S","DSI","I511L",6,5,7,7,7,6,5,56480,2,27
"803","S320L","Health","V7487V",6,3,7,7,7,5,4,136047,4,54
"804","W866C","R&D","Z2464Y",6,3,7,7,7,4,5,72993,9,31
"805","Y586R","Ethics","W2205Z",2,4,3,4,4,6,6,48423,1,32
"806","U711Z","Health","W8102W",2,6,4,2,3,7,7,80075,9,25
"807","O155J","Health","V7487V",7,6,7,7,7,7,NA,57046,2,44
"808","H482S","Ethics","W7742X",6,4,7,7,7,5,7,68804,9,37
"809","F252D","Finance","Y9641W",1,3,3,2,4,5,4,46550,6,28
"810","J504A","Health","Z4101Z",2,1,3,4,4,3,2,131306,5,51
"811","A301V","R&D","Y3553W",5,4,6,7,7,7,NA,65728,9,55
"812","L849E","DSI","I511L",7,5,7,7,7,7,4,54838,3,49
"813","U529N","Finance","Y4468Y",7,2,7,7,7,4,4,130265,10,51
"814","W218Z","R&D","X3607X",5,3,7,7,6,4,4,47688,0,27
"815","Y844Y","Finance","Y7685W",2,5,4,3,4,6,6,53745,3,28
"816","Q661V","R&D","Y3553W",1,1,2,2,3,2,2,45957,7,55
"817","M276Q","Finance","Y9641W",3,1,4,4,4,3,3,115898,6,48
"818","Z952I","Ethics","W2205Z",3,6,4,4,4,7,7,58879,6,35
"819","K302H","DSI","V8472W",3,6,5,4,5,7,7,148090,5,54
"820","P852R","Ethics","W2205Z",4,4,4,5,6,5,5,58110,4,35
"821","N492F","Finance","X7645X",5,3,6,7,7,5,4,51685,4,24
"822","G758O","R&D","X3607X",6,7,6,7,7,7,NA,110244,10,35
"823","N863V","DSI","I511L",4,3,5,6,5,4,3,109335,4,31
"824","S322P","Finance","X7645X",1,7,2,2,2,7,7,49156,4,43
"825","L932V","Finance","Z7298V",6,7,7,7,7,7,NA,59123,5,51
"826","B804G","R&D","Y3553W",7,1,7,7,7,2,NA,54008,6,23
"827","P290D","Health","V7487V",5,7,7,7,6,7,7,49126,6,24
"828","X129Z","R&D","Y3553W",6,5,7,7,7,6,7,115776,7,27
"829","R367H","Health","W8102W",1,5,3,2,3,6,6,68857,10,30
"830","M917H","R&D","X3607X",7,1,7,7,7,3,3,70492,9,48
"831","D833O","Ethics","W7742X",2,6,4,4,4,7,7,47269,2,26
"832","D141V","DSI","V8472W",5,4,7,6,6,5,6,121243,9,51
"833","U611V","Health","Z4101Z",4,3,5,5,5,6,4,78680,10,30
"834","N543R","Finance","X7645X",2,2,3,4,4,3,4,55070,2,31
"835","Q590O","Finance","Z7298V",1,1,2,3,2,3,3,48877,7,25
"836","C627Y","Ethics","W2205Z",1,6,3,3,3,7,7,59759,5,28
"837","K270V","Ethics","X8022Z",5,6,6,6,6,7,NA,46442,1,26
"838","J824K","DSI","V8472W",4,5,5,5,5,7,NA,56288,7,48
"839","K762P","R&D","X8066X",7,2,7,7,7,3,3,71814,4,30
"840","Y238G","R&D","X8066X",6,2,7,7,7,4,4,107919,0,24
"841","U866I","Health","Z4101Z",1,6,3,3,3,7,7,52147,0,47
"842","R837P","Health","W8102W",3,3,5,5,4,4,5,49442,5,26
"843","I815Q","R&D","Z2464Y",6,5,7,6,7,6,NA,71430,10,30
"844","S674N","Finance","X7645X",7,6,7,7,7,7,NA,71440,8,43
"845","X887T","R&D","X8066X",2,7,4,4,4,7,7,68042,9,47
"846","U894W","R&D","Z2464Y",3,6,4,5,4,7,7,54508,6,39
"847","H970U","Health","W8102W",1,2,2,2,2,4,3,72697,8,38
"848","K312U","R&D","V4497X",4,2,5,5,5,3,NA,45330,7,22
"849","W287B","Ethics","W7742X",4,2,5,6,5,4,3,161668,9,46
"850","E867W","Health","V7487V",7,6,7,7,7,7,NA,104713,9,43
"851","N345T","R&D","X3607X",4,2,6,6,6,3,3,53440,3,22
"852","D489O","R&D","X8066X",4,6,5,5,5,6,7,73530,6,38
"853","L436L","R&D","X3607X",3,2,4,4,5,3,4,50890,5,24
"854","L456A","Health","Z4101Z",3,1,5,4,4,3,2,54507,2,50
"855","I807U","R&D","X8066X",4,7,6,6,5,7,7,72549,9,37
"856","R688C","Ethics","X8022Z",1,2,4,3,2,4,3,75619,10,52
"857","A874H","Finance","Y7685W",6,2,7,7,7,4,3,73174,9,31
"858","F117U","R&D","X8066X",6,6,7,7,7,7,NA,54498,3,33
"859","Y256S","R&D","Y3553W",2,3,5,4,4,5,5,99555,5,41
"860","M204J","DSI","I511L",3,1,4,3,5,2,0,62420,2,25
"861","E139B","Finance","Y4468Y",7,4,7,7,7,6,7,45035,5,30
"862","E833A","R&D","Z2464Y",4,1,5,5,6,2,2,48735,4,40
"863","Z685V","Health","W8102W",4,5,6,6,6,6,7,71040,8,44
"864","R296I","Finance","Y9641W",6,5,7,7,7,7,7,67809,0,37
"865","A430P","R&D","Y3553W",1,1,3,2,3,2,3,57877,1,37
"866","D453G","R&D","X8066X",5,5,6,6,6,6,6,107854,10,31
"867","R575H","DSI","V8472W",3,4,4,4,5,5,NA,58684,6,35
"868","J560P","Finance","Y4468Y",5,1,6,7,7,2,NA,46434,5,23
"869","O395B","Ethics","X8022Z",5,2,6,6,6,3,3,52509,5,25
"870","S688A","R&D","X3607X",2,2,4,4,4,3,3,105699,4,43
"871","J904Q","Finance","Y4468Y",2,6,3,4,4,7,7,135428,3,38
"872","B970C","Finance","Y4468Y",5,3,7,7,7,4,5,73454,9,35
"873","U715M","Finance","Y9641W",2,1,4,3,3,3,3,79472,8,26
"874","T108H","Health","V7487V",5,3,6,6,7,6,NA,58927,4,53
"875","R219W","DSI","I511L",1,6,4,1,3,7,5,137983,10,55
"876","Y358T","Finance","Y7685W",7,5,7,7,7,6,6,48436,4,37
"877","J101Q","Ethics","W2205Z",5,3,7,7,7,5,4,55620,3,30
"878","B154H","Health","W8102W",5,3,6,6,6,4,5,135837,9,54
"879","U424F","Finance","X7645X",3,7,5,4,5,7,7,132246,2,30
"880","L957F","Finance","X7645X",6,4,7,7,7,6,6,47696,2,24
"881","J116H","Health","Z4101Z",1,6,2,2,2,7,7,54814,1,33
"882","M794M","Finance","Y9641W",7,6,7,7,7,7,7,54847,0,36
"883","T139H","Finance","Y9641W",5,2,6,7,6,3,3,104739,10,39
"884","M555J","Finance","Y9641W",3,5,5,5,5,6,NA,57288,3,35
"885","M149Q","Finance","Y9641W",4,6,5,6,6,7,7,115676,10,35
"886","A206O","Finance","X7645X",3,1,4,4,5,2,NA,98271,2,26
"887","B199W","Finance","Z7298V",1,7,3,3,3,7,7,49214,2,34
"888","V561I","Finance","Z7298V",4,3,6,4,6,4,5,126968,7,36
"889","T786N","Ethics","X8022Z",5,3,7,6,7,4,5,53354,4,28
"890","G971Y","DSI","V8472W",6,4,7,7,7,6,5,47238,1,54
"891","I764M","Finance","Y7685W",5,5,6,7,7,7,6,74104,10,54
"892","W844L","R&D","V4497X",6,3,7,7,7,5,5,58974,7,52
"893","W646Y","Ethics","X8022Z",4,2,6,5,5,3,4,53516,5,37
"894","R113T","Finance","Y4468Y",1,2,3,3,2,3,3,78894,9,49
"895","H285N","R&D","X8066X",2,2,3,3,4,4,3,52591,5,33
"896","F121E","R&D","X3607X",5,7,6,6,6,7,7,52098,3,35
"897","X881S","Finance","Y4468Y",1,4,2,3,2,5,5,136262,2,29
"898","V719H","Finance","X7645X",4,7,5,6,6,7,7,58278,6,52
"899","B650I","Finance","Y9641W",7,3,7,7,7,6,4,47979,6,51
"900","Y303K","R&D","X8066X",2,4,3,3,3,5,6,53831,4,38
"901","F998O","Finance","Y9641W",1,2,3,3,3,4,4,53883,1,50
"902","H426X","Health","Z4101Z",4,6,5,6,6,7,7,46191,3,51
"903","I162L","DSI","V8472W",5,1,7,6,7,3,2,55076,0,43
"904","B220K","R&D","V4497X",4,3,5,5,7,4,5,59263,6,27
"905","J776J","Finance","Y9641W",7,2,7,7,7,2,3,57382,0,45
"906","L180A","Finance","Y7685W",1,7,1,2,2,7,7,63182,7,23
"907","M403D","Finance","Y7685W",1,2,2,2,2,4,4,51567,7,34
"908","R249A","Health","V7487V",3,6,5,5,4,7,7,55432,5,46
"909","K767N","Finance","X7645X",2,4,3,3,3,6,5,48300,2,22
"910","Q723E","Health","W8102W",3,2,5,5,5,3,3,49048,2,25
"911","A472S","Finance","Y9641W",1,3,2,2,3,4,5,93136,2,28
"912","W252W","Health","Z4101Z",2,1,3,5,4,2,2,65245,9,48
"913","C662O","R&D","V4497X",1,6,3,3,3,7,7,59967,1,26
"914","S637P","Finance","Z7298V",2,4,3,3,4,6,5,139300,5,37
"915","U517G","R&D","X3607X",2,3,3,4,3,5,4,124068,6,36
"916","K312F","Finance","X7645X",7,3,7,7,7,4,4,102596,7,50
"917","O391K","R&D","Z2464Y",3,2,5,4,5,3,3,76489,9,30
"918","M665F","Health","Z4101Z",4,3,6,6,6,4,5,144858,2,37
"919","H684B","Finance","Z7298V",1,6,2,2,2,7,7,79371,4,37
"920","E588P","R&D","X3607X",2,5,3,4,4,6,6,53612,2,22
"921","T267C","R&D","Y3553W",4,1,6,5,6,2,3,51880,3,55
"922","J209P","Finance","Y4468Y",6,1,7,7,7,3,2,62557,1,43
"923","R324L","R&D","Y3553W",6,7,7,7,7,7,7,133446,2,44
"924","U326W","R&D","Z2464Y",1,5,3,2,3,7,7,69291,8,42
"925","H272A","Ethics","W7742X",1,2,3,2,2,3,3,51271,2,55
"926","D280M","R&D","X8066X",1,2,3,3,2,4,3,90026,1,45
"927","O351N","Ethics","W7742X",3,1,4,4,5,2,3,111502,9,54
"928","J476H","DSI","V8472W",2,3,4,4,4,5,5,91179,10,50
"929","Q271C","R&D","X8066X",1,7,2,3,3,7,7,52096,4,45
"930","T542R","Ethics","X8022Z",2,6,3,3,3,7,7,99781,1,39
"931","H705R","R&D","X3607X",1,3,2,2,3,4,4,56464,4,24
"932","G379Y","Finance","Y9641W",3,1,5,5,4,3,3,51132,2,55
"933","G612O","R&D","Y3553W",3,3,4,5,5,5,5,156593,9,47
"934","G878H","Health","Z4101Z",1,7,1,2,2,7,7,67274,8,23
"935","O183F","Health","V7487V",2,1,3,4,3,2,2,140547,2,28
"936","C692Q","Finance","Y7685W",5,6,6,7,6,7,NA,47558,5,47
"937","L451Y","DSI","V8472W",3,1,4,4,4,3,3,118520,10,24
"938","F120C","Finance","Y4468Y",7,5,7,7,7,7,6,46736,5,53
"939","M570H","R&D","Y3553W",1,6,2,3,3,7,6,45841,5,33
"940","Y125H","Ethics","W2205Z",7,2,7,7,7,4,3,102079,7,31
"941","D339E","Finance","Y4468Y",2,4,3,4,4,6,5,54571,1,36
"942","Q717I","R&D","X3607X",7,7,7,7,7,7,7,46618,5,34
"943","N793S","Finance","X7645X",5,1,7,6,6,3,2,126476,9,49
"944","T819H","Ethics","X8022Z",5,2,7,6,6,3,4,45637,0,42
"945","A959T","Finance","Y7685W",3,6,4,4,4,7,7,82375,10,37
"946","C129J","Finance","Y9641W",3,4,4,4,4,5,5,57754,2,23
"947","I926K","R&D","X3607X",3,4,4,5,4,5,NA,112894,8,49
"948","M654C","Finance","X7645X",1,2,2,2,2,4,4,49717,4,24
"949","X528B","Health","W8102W",5,4,7,6,7,6,NA,54385,5,27
"950","J792G","Finance","Y4468Y",7,5,7,7,7,6,NA,53586,2,37
"951","D949Z","Finance","Z7298V",3,6,4,5,4,7,7,51863,0,55
"952","G952H","R&D","V4497X",2,7,5,4,3,7,7,91181,9,23
"953","L213P","Finance","Z7298V",3,7,5,4,5,7,7,115407,5,33
"954","K243R","DSI","I511L",4,7,5,5,5,7,NA,59407,6,48
"955","E879E","Finance","Y4468Y",3,2,4,4,5,3,3,72177,8,44
"956","H982B","Health","V7487V",5,5,7,6,6,6,NA,97011,6,54
"957","Q530U","R&D","Y3553W",3,1,4,5,4,2,2,92245,5,23
"958","N680V","Ethics","W2205Z",1,3,2,3,2,5,4,140561,4,34
"959","S601K","Finance","Y4468Y",4,4,5,6,6,5,5,54467,7,39
"960","W591H","Ethics","W7742X",2,6,3,4,4,7,7,50406,6,27
"961","O723P","R&D","Z2464Y",2,1,4,4,4,3,3,73942,10,34
"962","V688I","Health","W8102W",6,1,7,7,7,2,NA,49185,4,39
"963","K682R","Ethics","W7742X",1,5,3,3,3,6,6,80376,3,34
"964","T623Z","Health","Z4101Z",2,3,4,3,4,4,5,54396,2,37
"965","I530L","R&D","X3607X",7,2,7,7,7,4,NA,100090,5,30
"966","J735D","Ethics","W2205Z",6,6,7,7,7,7,7,79839,10,23
"967","A785J","R&D","X8066X",7,4,7,7,7,5,6,59315,1,55
"968","M613F","Ethics","W2205Z",3,2,4,4,5,2,3,114635,1,46
"969","R964F","Ethics","W2205Z",7,5,7,7,7,5,6,118624,4,40
"970","I687J","R&D","X8066X",4,1,5,6,6,3,3,54959,7,46
"971","T746N","R&D","X8066X",2,5,3,3,3,6,6,54812,1,41
"972","J604J","DSI","V8472W",7,1,7,7,7,3,2,125874,5,22
"973","O842S","Health","W8102W",7,4,7,7,7,6,NA,106695,3,30
"974","J930Q","Health","Z4101Z",4,1,6,5,5,2,2,149977,9,25
"975","H334J","Ethics","W7742X",2,5,3,4,4,7,6,54544,7,36
"976","L968Q","R&D","Z2464Y",6,3,7,7,7,4,5,89726,6,35
"977","W962D","Ethics","X8022Z",1,1,3,2,2,3,2,96703,0,22
"978","J765R","Finance","Z7298V",1,2,2,2,3,4,4,50490,3,43
"979","G624W","R&D","X3607X",1,2,2,3,3,3,4,55484,2,33
"980","Q382L","Health","V7487V",6,7,7,7,7,7,7,49203,7,42
"981","L851C","Finance","Z7298V",5,4,6,7,5,7,5,59348,3,54
"982","N625V","R&D","Z2464Y",3,7,5,5,5,7,7,146659,10,53
"983","B623R","Ethics","X8022Z",2,7,3,4,4,7,7,55658,3,22
"984","U171Z","Finance","Z7298V",2,7,3,4,3,7,7,148774,0,35
"985","U376H","R&D","X3607X",1,6,3,3,2,7,7,59593,5,43
"986","S338Y","R&D","Y3553W",3,6,4,4,5,7,7,46478,0,26
"987","M860X","Ethics","W2205Z",2,4,3,3,3,6,6,52823,5,24
"988","W907G","Ethics","W7742X",4,2,6,6,5,3,NA,54918,2,27
"989","F741D","Health","W8102W",1,3,3,3,3,4,4,71948,8,50
"990","G668E","R&D","Y3553W",4,1,6,4,5,3,1,53825,1,53
"991","K429N","Finance","X7645X",1,3,2,3,2,5,5,49579,6,28
"992","S918I","Finance","X7645X",2,4,4,2,3,5,6,70489,8,32
"993","N300Q","R&D","Y3553W",4,7,5,6,5,7,7,63101,10,46
"994","X548R","Finance","X7645X",1,3,3,3,3,5,4,48069,7,47
"995","F708G","Finance","Y9641W",5,6,7,6,7,6,7,129757,8,23
"996","X298W","DSI","V8472W",7,3,7,7,7,4,5,76358,9,50
"997","S402V","Health","Z4101Z",2,4,3,3,3,6,5,59685,6,44
"998","L785I","R&D","X8066X",4,4,5,5,6,5,6,84196,2,55
"999","X873T","R&D","X3607X",7,2,7,7,7,4,NA,64688,9,39
"1000","J621K","R&D","V4497X",4,5,6,5,5,6,7,47962,2,50
"1001","W994Z","R&D","Z2464Y",5,5,7,6,7,6,7,54408,1,52
"1002","C783I","Finance","X7645X",5,5,7,7,6,6,7,53471,7,30
"1003","G531V","R&D","V4497X",3,3,5,5,5,5,4,58848,0,47
"1004","N215G","R&D","Z2464Y",7,2,7,7,7,3,4,153522,9,31
"1005","V134N","R&D","V4497X",4,7,5,6,6,7,7,65734,0,22
"1006","Z423I","Finance","Z7298V",1,1,2,2,2,3,2,123903,2,47
"1007","C411X","Finance","Y7685W",1,7,2,3,2,7,7,57772,1,25
"1008","G528Q","R&D","X3607X",5,5,6,7,6,6,6,129113,7,52
"1009","M189V","Ethics","W7742X",2,6,3,4,3,7,7,53845,1,26
"1010","X715K","R&D","X3607X",3,5,5,4,5,6,NA,75876,0,30
"1011","P443Y","R&D","Z2464Y",2,6,4,4,4,7,7,51189,4,53
"1012","T543U","Health","Z4101Z",1,6,2,3,2,7,7,57835,6,47
"1013","A584Q","R&D","Z2464Y",7,6,7,7,7,7,NA,78098,8,55
"1014","A494S","Health","V7487V",4,4,6,5,6,5,5,61550,5,31
"1015","G540R","R&D","Y3553W",1,4,2,3,3,6,6,146064,7,48
"1016","W433C","Ethics","W7742X",2,3,4,3,3,5,4,69247,10,30
"1017","V227Z","Finance","Y9641W",2,4,4,3,3,5,7,77850,9,23
"1018","U661R","R&D","V4497X",4,2,6,6,5,3,4,68793,9,34
"1019","L109O","Finance","Y4468Y",4,3,5,5,5,4,4,49062,6,27
"1020","Q854R","Health","W8102W",6,1,7,7,7,2,NA,73720,10,48
"1021","A177M","Finance","X7645X",4,2,6,5,7,4,NA,93450,7,28
"1022","B181U","Health","W8102W",5,5,6,6,6,6,7,51531,4,34
"1023","H335Y","Finance","Y7685W",2,7,4,3,4,7,7,121008,5,35
"1024","F871Y","Ethics","X8022Z",7,4,7,7,7,6,NA,156634,9,49
"1025","F611D","R&D","Z2464Y",7,2,7,7,7,3,NA,74900,8,42
"1026","W754Z","DSI","V8472W",2,5,5,4,4,7,6,122376,0,24
"1027","M495T","R&D","X3607X",3,6,4,4,4,7,7,118452,1,29
"1028","A676C","Health","Z4101Z",2,3,3,4,4,4,4,115839,4,32
"1029","Z832D","Ethics","W7742X",1,6,3,2,2,7,7,74282,9,36
"1030","E184V","R&D","Y3553W",5,2,6,6,6,4,3,48665,0,38
"1031","L399G","Health","Z4101Z",1,1,2,3,2,3,3,62110,9,35
"1032","R467H","Finance","Y9641W",2,1,4,3,3,3,3,45659,1,46
"1033","N931C","Ethics","W2205Z",6,2,6,7,7,4,3,88487,9,36
"1034","I647M","Health","W8102W",4,6,5,6,5,7,7,93798,0,22
"1035","U935Q","Finance","Y9641W",6,2,7,7,7,4,NA,54417,5,36
"1036","N651O","Ethics","X8022Z",1,1,2,3,2,3,3,51377,7,32
"1037","V424Y","Finance","Y9641W",3,4,6,3,5,5,NA,137684,9,45
"1038","K894N","Finance","Y4468Y",5,1,7,7,7,3,3,53091,2,44
"1039","O594J","Finance","Y7685W",1,7,2,1,2,7,7,73556,10,31
"1040","I929B","R&D","Z2464Y",1,1,3,2,2,3,2,78170,9,27
"1041","V962M","Ethics","W2205Z",5,7,6,7,7,7,7,63876,1,30
"1042","R869X","Health","W8102W",4,7,6,6,6,7,7,49970,4,47
"1043","V662P","R&D","V4497X",6,3,7,7,7,5,4,74864,1,52
"1044","T354M","DSI","V8472W",6,6,7,7,7,7,7,54523,5,35
"1045","H893O","Finance","Z7298V",5,1,7,7,7,3,3,141460,9,31
"1046","A766Q","Finance","Z7298V",6,3,7,7,7,4,5,117078,5,27
"1047","F487R","Ethics","W7742X",1,7,3,2,3,7,7,82010,9,49
"1048","O948K","Ethics","W7742X",5,4,7,7,7,6,5,54773,6,44
"1049","P619W","Finance","Y7685W",7,3,7,7,7,3,5,48515,7,46
"1050","X112H","DSI","V8472W",5,4,7,6,7,6,6,53954,0,34
"1051","Q102L","Finance","Y7685W",6,6,7,7,7,7,NA,58821,2,27
"1052","I695P","R&D","X8066X",4,4,6,6,6,5,5,159346,8,53
"1053","V144K","Finance","Y9641W",1,1,3,2,3,2,2,49257,2,48
"1054","K779V","R&D","Y3553W",2,4,3,2,3,5,5,73805,8,35
"1055","U191S","Health","W8102W",4,7,6,5,5,7,7,70961,8,47
"1056","D243B","R&D","Y3553W",2,4,3,2,3,6,5,50419,6,55
"1057","Z360L","R&D","X3607X",7,3,7,7,7,6,4,76735,9,36
"1058","A543X","Finance","Y9641W",3,3,4,4,6,5,5,149810,7,45
"1059","Y276D","Health","W8102W",1,7,2,3,4,7,7,54125,3,36
"1060","P314Z","Ethics","W7742X",6,5,6,7,7,7,6,57019,6,35
"1061","E243Q","Finance","Y4468Y",4,6,6,5,6,7,NA,58802,1,28
"1062","O678P","Finance","X7645X",5,6,7,6,7,7,7,123040,2,44
"1063","O562Q","Ethics","W7742X",5,2,6,6,7,4,NA,53676,3,53
"1064","S958R","Finance","X7645X",5,2,7,7,6,4,NA,61092,3,34
"1065","Y416C","Health","Z4101Z",2,6,4,3,3,7,7,74160,8,33
"1066","J876M","R&D","X8066X",1,7,3,2,3,7,7,97289,9,46
"1067","Z151A","R&D","Z2464Y",6,6,7,7,7,7,7,78376,1,46
"1068","Z157B","Finance","Y9641W",7,6,7,7,7,7,NA,50740,0,29
"1069","Z299O","Finance","Y4468Y",1,4,2,3,3,6,6,47999,0,45
"1070","O909C","R&D","V4497X",3,3,4,4,5,5,4,45957,2,41
"1071","D976F","Finance","Y7685W",1,4,2,2,3,6,6,85699,9,27
"1072","R616P","R&D","X8066X",5,5,7,7,6,7,6,71533,2,47
"1073","G448C","Health","Z4101Z",3,2,5,4,4,4,3,58113,2,46
"1074","D304X","R&D","X8066X",4,7,5,6,6,7,NA,51046,0,30
"1075","C411B","Ethics","W2205Z",4,5,6,5,5,7,NA,120979,3,31
"1076","J869J","Health","V7487V",6,4,7,7,7,6,6,57499,4,40
"1077","B630U","Ethics","W7742X",6,6,6,7,7,7,7,158496,9,52
"1078","U303E","Health","V7487V",1,2,2,3,3,4,3,74147,5,31
"1079","Y460S","R&D","Z2464Y",3,6,5,4,5,7,7,60586,0,24
"1080","J510W","Finance","X7645X",5,3,6,6,6,5,5,59695,4,43
"1081","N792N","Finance","X7645X",4,7,6,5,6,7,NA,46751,4,37
"1082","K257X","R&D","V4497X",6,1,7,7,7,3,NA,53989,5,29
"1083","N313X","R&D","X3607X",6,1,7,7,7,2,4,88198,5,46
"1084","O906W","Finance","Y4468Y",5,5,6,7,6,7,6,51653,6,43
"1085","U910F","Ethics","W7742X",4,2,5,7,6,4,4,48784,0,26
"1086","B683J","Finance","Y7685W",3,1,5,5,3,3,3,75673,10,38
"1087","W432G","Finance","X7645X",5,2,5,7,7,3,3,54583,5,33
"1088","Y254B","Health","W8102W",6,1,7,7,7,2,2,137247,3,49
"1089","K289O","R&D","Z2464Y",4,1,6,5,5,2,3,46185,4,35
"1090","U561Z","Ethics","W7742X",5,6,6,6,7,7,7,54184,1,49
"1091","T272X","Finance","Y9641W",5,6,7,7,7,7,7,54946,4,46
"1092","X672U","Ethics","W2205Z",1,6,2,3,3,7,7,52366,2,48
"1093","J915C","Ethics","X8022Z",3,1,4,5,4,2,3,45258,1,25
"1094","J742B","Finance","Y7685W",3,2,4,4,4,3,3,143630,4,39
"1095","A995A","Health","Z4101Z",7,7,7,7,7,7,7,46308,0,45
"1096","C448Y","R&D","X8066X",1,2,3,2,3,3,3,110065,10,43
"1097","D801T","R&D","X8066X",4,3,6,6,5,4,4,131791,7,22
"1098","Y426Z","Finance","Y7685W",1,2,3,3,3,3,3,101332,7,47
"1099","A564S","Ethics","X8022Z",7,7,7,7,7,7,7,112317,9,23
"1100","V960Z","DSI","V8472W",6,4,7,7,7,6,5,82436,10,35
"1101","T935V","Health","V7487V",7,5,7,7,7,6,6,47834,6,54
"1102","N890K","Finance","Y4468Y",3,4,5,4,5,5,5,138706,8,53
"1103","P139O","R&D","Z2464Y",1,5,3,2,2,6,6,51555,2,24
"1104","C898H","Finance","Y9641W",7,5,7,7,7,6,6,76050,9,49
"1105","S664G","R&D","Y3553W",7,1,7,7,7,3,2,74617,10,52
"1106","B260M","Health","V7487V",6,7,7,7,7,7,7,58680,4,33
"1107","M134Q","Finance","Y4468Y",5,7,6,7,6,7,NA,68502,5,39
"1108","H522I","R&D","X8066X",5,6,6,6,7,7,NA,54406,1,25
"1109","A683C","Finance","Y7685W",3,3,4,4,4,4,NA,52937,0,38
"1110","C908A","Finance","Z7298V",1,4,2,2,4,6,5,53911,2,32
"1111","B281H","Finance","Y9641W",7,7,7,7,7,7,7,88068,5,41
"1112","F641K","R&D","X8066X",1,7,2,2,2,7,7,60331,3,37
"1113","H878A","R&D","Z2464Y",2,2,4,4,4,4,3,77254,9,39
"1114","Y612Q","Health","W8102W",4,1,6,5,5,3,3,70933,3,36
"1115","T699Q","R&D","Y3553W",5,4,6,6,6,5,6,47685,0,54
"1116","C622A","R&D","V4497X",1,7,2,1,3,7,7,47698,2,49
"1117","M632I","R&D","Y3553W",2,7,4,3,3,7,7,54400,2,23
"1118","M897Q","Ethics","W2205Z",3,7,5,4,5,7,7,125563,5,41
"1119","N650L","Finance","Y7685W",1,6,3,3,2,7,7,144015,7,41
"1120","P750H","Health","Z4101Z",4,1,5,6,5,2,3,46130,6,46
"1121","T417O","Health","W8102W",2,7,3,4,4,7,7,90884,4,34
"1122","M675A","R&D","Z2464Y",1,7,2,2,3,7,7,53138,7,27
"1123","D429U","Finance","Y9641W",5,4,6,7,6,5,5,112711,0,30
"1124","N663S","R&D","X3607X",3,2,4,4,5,4,3,54473,5,49
"1125","I924M","R&D","Z2464Y",1,4,2,3,3,6,5,98510,5,27
"1126","U180M","Health","V7487V",6,4,7,7,7,5,4,56325,2,22
"1127","B472X","Ethics","X8022Z",1,1,2,2,2,3,2,55039,5,38
"1128","G880F","R&D","X3607X",5,2,7,6,7,4,NA,46695,1,55
"1129","L278L","R&D","V4497X",3,3,4,5,4,5,5,163553,10,22
"1130","J568U","Finance","X7645X",3,5,4,4,5,7,7,59635,6,43
"1131","I282D","Finance","Y9641W",7,1,7,7,7,2,3,55891,0,51
"1132","M260C","R&D","X8066X",5,5,7,6,7,5,NA,135118,5,39
"1133","J424S","R&D","Y3553W",4,3,6,5,5,4,4,77008,8,26
"1134","K225F","Finance","Z7298V",6,2,7,7,7,3,NA,104683,3,41
"1135","G171C","Ethics","W2205Z",3,7,4,4,5,7,7,83081,10,33
"1136","T846B","R&D","Y3553W",7,6,7,7,7,7,7,51118,3,43
"1137","A851F","R&D","Y3553W",6,3,7,7,7,5,5,159669,8,27
"1138","L688G","Health","W8102W",5,7,6,6,7,7,7,55774,4,30
"1139","Q229B","Ethics","X8022Z",1,1,3,2,2,3,2,109300,9,47
"1140","Q545H","Finance","X7645X",1,5,3,2,3,7,NA,55625,3,55
"1141","C676D","Health","Z4101Z",7,2,7,7,7,3,3,56030,3,53
"1142","D148Q","Health","V7487V",5,6,6,6,7,7,7,58409,6,51
"1143","W794I","R&D","X8066X",2,4,3,4,4,6,5,126364,7,46
"1144","M433U","Health","Z4101Z",6,6,7,7,7,7,7,45074,1,30
"1145","Z151O","Finance","Y9641W",2,3,3,3,4,5,4,48079,0,37
"1146","R586Z","R&D","Y3553W",2,1,4,4,3,3,3,67783,10,37
"1147","B799S","Health","Z4101Z",1,7,4,3,3,7,7,50177,1,52
"1148","K859E","Finance","Y4468Y",2,5,3,3,4,6,7,74608,10,48
"1149","I952D","Health","V7487V",5,4,7,6,6,6,5,67638,8,43
"1150","N656L","Finance","Z7298V",7,7,7,7,7,7,7,58369,6,44
"1151","A661W","R&D","X3607X",5,4,7,5,7,6,NA,163425,8,54
"1152","D913S","Finance","X7645X",6,7,7,7,7,7,7,47953,1,45
"1153","D100F","Finance","Y7685W",5,6,6,7,7,7,7,122753,5,42
"1154","S182Z","R&D","Y3553W",6,1,7,7,7,3,2,83194,8,39
"1155","U578V","Health","Z4101Z",7,6,7,7,7,7,7,51552,0,44
"1156","J868H","Ethics","W2205Z",3,5,5,5,4,7,6,68521,10,48
"1157","F189Y","Finance","Z7298V",5,1,6,7,6,3,2,89386,6,42
"1158","F882B","Ethics","X8022Z",1,6,2,2,2,7,7,46285,3,24
"1159","C320E","R&D","X3607X",6,2,7,7,7,4,4,98712,10,44
"1160","P681Q","DSI","I511L",5,3,7,6,7,5,3,110541,7,48
"1161","I237I","R&D","Z2464Y",5,4,6,7,6,5,NA,107151,8,42
"1162","U733W","Finance","Y7685W",7,1,7,7,7,3,NA,50802,5,39
"1163","V826G","Health","V7487V",1,2,2,3,2,3,3,89142,9,47
"1164","A612J","Ethics","W7742X",5,2,7,6,6,3,3,105959,0,34
"1165","W914T","Finance","Y9641W",4,1,6,5,5,3,4,73390,10,35
"1166","E546T","Ethics","W7742X",3,4,5,5,4,6,5,88349,3,30
"1167","Z160Y","Finance","Z7298V",4,7,6,5,5,7,NA,171542,9,35
"1168","Y549F","Ethics","X8022Z",4,3,6,6,6,5,NA,54443,4,49
"1169","C504M","R&D","Y3553W",5,4,7,7,7,6,7,74523,2,41
"1170","S917P","R&D","X3607X",2,5,4,4,3,5,6,53247,4,33
"1171","V373C","Ethics","W7742X",4,7,5,5,5,7,7,57987,2,53
"1172","B320P","Health","V7487V",7,6,7,7,7,7,7,119576,10,45
"1173","H951R","Finance","Z7298V",1,7,3,2,2,7,7,88548,3,22
"1174","N277M","R&D","X8066X",7,3,7,7,7,4,5,45098,0,33
"1175","G786Z","Ethics","W2205Z",6,5,7,7,7,7,NA,63265,8,28
"1176","H194S","Finance","Z7298V",5,4,7,7,6,6,4,49436,3,49
"1177","U475O","Health","W8102W",4,3,6,6,6,4,NA,55806,7,52
"1178","D406A","Health","V7487V",6,1,7,7,7,2,3,65146,4,54
"1179","O110H","Finance","Y9641W",4,5,5,6,6,7,7,80442,0,25
"1180","R259G","Finance","X7645X",3,1,4,4,5,2,3,47386,5,49
"1181","T236C","Finance","Y4468Y",3,7,4,4,5,7,7,141116,2,31
"1182","W652A","Health","W8102W",1,2,2,2,2,3,3,59020,5,27
"1183","H309K","R&D","X8066X",3,6,4,4,5,7,7,48772,4,29
"1184","V222I","Finance","Y7685W",5,3,6,6,6,4,4,50848,7,50
"1185","E751J","Ethics","X8022Z",2,3,4,3,4,5,5,48245,7,37
"1186","Y184Z","Ethics","X8022Z",1,2,3,2,2,3,4,96049,5,52
"1187","B364U","Finance","Z7298V",2,2,3,4,4,4,3,132440,2,37
"1188","I359Q","Health","W8102W",5,2,6,6,7,3,4,74469,6,40
"1189","I889G","Ethics","W7742X",7,4,7,7,7,5,4,118464,2,50
"1190","V109T","Finance","Y9641W",2,4,4,3,3,5,5,92551,8,48
"1191","F877I","Health","V7487V",3,3,4,4,4,5,4,135038,4,49
"1192","M543R","Finance","Z7298V",1,7,3,3,3,7,7,46124,5,52
"1193","U634Z","Finance","Y7685W",4,7,6,7,5,7,7,56684,1,26
"1194","F416S","R&D","X8066X",1,6,3,2,4,7,7,45977,1,23
"1195","D419I","Health","Z4101Z",3,3,5,5,4,5,5,57088,5,29
"1196","W212C","Ethics","W7742X",2,2,3,4,3,4,3,63902,8,23
"1197","F153Q","Finance","Y7685W",5,6,6,7,6,7,7,141235,5,55
"1198","G104T","Finance","X7645X",3,4,5,5,5,5,5,158465,9,38
"1199","H789H","R&D","X8066X",1,5,2,4,3,6,6,53451,4,22
"1200","O415R","Finance","Z7298V",1,4,3,3,2,5,6,132164,1,33
"1201","Z996B","Finance","Y9641W",1,3,2,2,3,4,4,59976,4,35
"1202","Z373P","Health","Z4101Z",3,4,5,5,4,5,5,64508,10,25
"1203","D740T","DSI","V8472W",1,4,2,2,2,5,6,46223,6,49
"1204","A683Y","R&D","X3607X",4,2,6,5,5,4,4,105585,0,30
"1205","F712I","Finance","Y9641W",1,7,3,2,1,7,7,55278,6,49
"1206","J642Z","Finance","Y9641W",1,3,3,2,3,5,4,77166,3,30
"1207","N175D","Health","W8102W",7,4,7,7,7,5,6,104764,3,42
"1208","H320C","Finance","Z7298V",3,5,4,6,6,6,7,72687,9,52
"1209","F658W","Finance","Y7685W",3,2,4,4,5,3,4,80389,9,35
"1210","E186Y","Ethics","W2205Z",4,4,5,5,5,5,6,130116,1,52
"1211","O823R","Finance","Y7685W",6,4,7,7,7,5,NA,46540,5,54
"1212","F339P","Finance","Y7685W",5,7,7,7,6,7,NA,101412,0,52
"1213","T235C","Finance","X7645X",4,1,5,5,5,2,3,50769,6,30
"1214","B396R","R&D","V4497X",5,1,6,6,7,2,2,51108,1,25
"1215","I524J","DSI","V8472W",7,7,7,7,7,7,7,120091,4,39
"1216","M647F","R&D","Y3553W",5,1,7,7,6,3,2,76857,8,34
"1217","J965K","R&D","X8066X",6,7,7,7,7,7,7,73812,8,34
"1218","A426G","Health","V7487V",5,2,6,6,7,4,4,57931,2,50
"1219","F117T","R&D","X3607X",4,2,6,5,4,3,3,78229,6,48
"1220","D643W","Finance","Y9641W",2,6,3,4,3,7,7,52127,7,27
"1221","K412D","Health","W8102W",6,6,7,7,7,7,7,149010,6,22
"1222","X114Q","Health","V7487V",7,3,7,7,7,5,NA,45820,1,47
"1223","D988X","Health","W8102W",7,3,7,7,7,4,3,52933,1,41
"1224","O630L","Health","Z4101Z",4,5,5,6,6,6,6,56733,3,46
"1225","H345M","DSI","V8472W",1,1,3,2,3,3,1,54078,4,47
"1226","X883F","Health","Z4101Z",7,1,7,7,7,3,3,141473,4,49
"1227","Y158L","Finance","Y9641W",1,4,2,3,3,6,6,71126,9,29
"1228","O119F","R&D","Y3553W",7,6,7,7,7,7,NA,86344,3,39
"1229","H816L","Ethics","W2205Z",1,4,2,3,2,5,6,100113,9,37
"1230","L199B","Health","V7487V",1,3,2,3,3,4,4,57181,1,42
"1231","I566Y","Health","W8102W",5,3,6,7,6,4,4,79648,8,41
"1232","Y219I","R&D","Z2464Y",4,4,5,5,5,5,5,52579,5,32
"1233","I986Q","R&D","Z2464Y",6,6,7,7,7,7,7,57475,2,37
"1234","P524N","Finance","Y9641W",1,1,2,3,2,2,3,53134,6,51
"1235","X969T","Finance","Y9641W",6,5,7,7,7,7,NA,54490,0,28
"1236","S464I","Finance","X7645X",6,1,7,7,7,3,3,51907,1,28
"1237","S778Z","R&D","X3607X",2,5,3,4,3,7,6,48419,1,33
"1238","A103R","Ethics","W7742X",7,1,7,7,7,3,3,53384,0,50
"1239","F719G","Ethics","X8022Z",1,2,3,2,3,3,3,56259,7,23
"1240","G596C","Finance","Y9641W",1,6,1,3,2,7,7,80780,9,40
"1241","O882D","Ethics","W2205Z",5,2,6,7,7,3,2,56655,7,55
"1242","W459M","Health","W8102W",2,1,3,4,3,2,3,50194,3,25
"1243","U148Z","R&D","Z2464Y",4,4,5,5,6,6,NA,56568,2,48
"1244","K316C","Finance","X7645X",1,4,4,3,3,5,6,50301,5,29
"1245","E300Q","R&D","X8066X",2,1,3,4,4,2,3,54019,0,25
"1246","Q530T","Finance","Y9641W",4,5,6,6,5,6,6,121589,5,22
"1247","E776W","Finance","Z7298V",3,4,5,4,5,6,5,71061,8,28
"1248","P151E","R&D","X3607X",1,1,3,3,2,2,3,118064,2,53
"1249","X900M","Health","W8102W",1,4,3,3,3,5,6,45489,4,26
"1250","M194D","R&D","V4497X",7,1,7,7,7,2,2,49850,0,23
"1251","A192M","DSI","I511L",1,6,3,2,3,7,5,59694,5,33
"1252","Q283Y","Finance","Y7685W",7,7,7,7,7,7,7,134589,4,48
"1253","U824R","R&D","V4497X",6,2,7,7,7,4,4,109535,7,36
"1254","C372F","DSI","V8472W",6,4,7,7,7,5,5,77569,10,22
"1255","H708A","Health","Z4101Z",5,5,7,6,6,5,NA,75934,1,52
"1256","H709L","Health","W8102W",3,4,5,4,4,5,6,59755,6,35
"1257","G985Z","Finance","Z7298V",4,3,5,5,6,5,NA,50184,1,36
"1258","Z426G","DSI","I511L",7,1,7,7,7,3,0,149891,2,54
"1259","G119J","Health","W8102W",2,5,3,4,3,6,6,162461,10,32
"1260","T911P","R&D","V4497X",1,6,2,1,2,7,7,76507,5,22
"1261","M732V","Ethics","W7742X",7,6,7,7,7,7,7,107234,6,53
"1262","Q904W","Health","W8102W",4,4,5,6,6,6,NA,52232,3,47
"1263","L463X","Finance","Y4468Y",5,7,6,7,7,7,7,54832,4,24
"1264","F225J","R&D","X8066X",7,3,7,7,7,4,NA,54988,2,33
"1265","J759T","R&D","Z2464Y",1,1,2,3,3,4,3,58053,1,32
"1266","V407X","Finance","Z7298V",6,4,7,7,7,5,NA,118689,0,41
"1267","R149T","R&D","X8066X",6,2,7,6,7,2,4,54953,4,45
"1268","V928F","Health","Z4101Z",5,2,7,5,7,4,4,138156,10,27
"1269","B895E","R&D","Z2464Y",1,2,2,3,2,3,3,55408,0,32
"1270","U981Y","Health","V7487V",1,1,3,3,2,2,3,90952,7,52
"1271","C682X","Finance","Y4468Y",5,1,7,6,7,2,2,53634,6,53
"1272","L783R","Finance","Y4468Y",7,5,7,7,7,7,7,102803,5,50
"1273","Z393S","Finance","X7645X",7,3,7,7,7,4,NA,58028,6,52
"1274","W465U","R&D","Z2464Y",7,5,7,7,7,7,NA,59331,2,36
"1275","B654E","Finance","X7645X",2,5,3,3,3,7,6,47069,3,45
"1276","D783D","Ethics","X8022Z",5,5,6,6,7,7,7,140155,3,28
"1277","Q111A","Finance","Y7685W",3,6,5,5,4,7,7,76720,10,40
"1278","C869F","Health","V7487V",7,5,7,7,7,6,7,47383,1,48
"1279","G491D","Health","V7487V",3,6,5,5,4,7,NA,48177,4,52
"1280","X528A","Finance","Y9641W",4,4,6,5,5,6,NA,125640,7,50
"1281","B595V","Finance","X7645X",3,3,5,5,4,5,5,48985,5,50
"1282","B123H","R&D","V4497X",5,6,6,7,7,7,7,55307,0,25
"1283","Z935K","Finance","Z7298V",3,3,4,6,5,5,5,77637,8,46
"1284","I936K","R&D","X8066X",3,7,5,5,5,7,7,92111,5,31
"1285","K786L","Finance","Y7685W",6,2,7,7,7,3,3,57262,6,32
"1286","O873G","R&D","Y3553W",3,4,4,5,4,5,6,166830,8,40
"1287","R897O","R&D","Y3553W",4,2,6,6,5,4,4,90985,5,40
"1288","V844B","R&D","X3607X",4,6,5,4,6,7,7,47801,4,30
"1289","C618S","Ethics","X8022Z",7,4,7,7,7,6,5,49629,3,27
"1290","Y551L","Finance","Z7298V",3,7,5,5,5,7,7,67685,1,54
"1291","N601L","Ethics","X8022Z",2,3,4,3,4,4,4,126139,5,35
"1292","H171P","R&D","Z2464Y",2,3,3,3,4,4,5,115859,6,48
"1293","R245S","R&D","V4497X",3,5,4,4,4,7,6,104067,7,44
"1294","A383I","R&D","Y3553W",4,3,5,5,5,4,5,49620,4,47
"1295","Y859P","Health","Z4101Z",2,4,4,4,3,5,7,123967,6,34
"1296","Q654J","R&D","X8066X",7,1,7,7,7,3,2,78466,8,39
"1297","D669L","Finance","Y7685W",2,5,3,3,4,7,6,71779,8,32
"1298","S965N","R&D","V4497X",4,3,4,5,5,5,5,171342,10,49
"1299","X421X","Ethics","W7742X",5,5,7,6,7,7,7,47523,6,26
"1300","D254I","Finance","X7645X",7,4,7,7,7,5,6,53846,2,48
"1301","M734P","R&D","X8066X",2,3,3,3,4,5,6,113946,0,41
"1302","I424A","Ethics","X8022Z",5,7,7,7,7,7,7,51603,4,38
"1303","E413J","Health","Z4101Z",7,5,7,7,7,7,7,58247,2,38
"1304","U254A","Finance","Y7685W",5,6,6,6,6,7,7,74809,3,32
"1305","A814N","R&D","Z2464Y",1,6,3,3,1,7,7,59231,1,38
"1306","G982R","R&D","Y3553W",6,7,7,7,7,7,7,141905,2,34
"1307","F810S","Health","V7487V",5,1,6,7,6,2,3,47879,4,53
"1308","G348J","R&D","Y3553W",7,3,7,7,7,5,4,118920,1,41
"1309","I590H","Ethics","W2205Z",3,1,5,4,4,3,3,144919,5,24
"1310","W415F","Finance","Y4468Y",4,7,5,4,5,7,7,73252,8,28
"1311","I416Q","R&D","X8066X",3,4,4,4,5,5,6,138641,8,31
"1312","T239N","Finance","X7645X",5,6,7,6,7,7,NA,111554,1,28
"1313","H598C","R&D","X3607X",3,4,4,4,5,6,6,148871,6,49
"1314","A474R","Finance","Y4468Y",2,4,3,4,3,5,5,151706,10,53
"1315","G911S","Health","W8102W",6,2,7,7,7,4,4,53702,4,31
"1316","G990Q","R&D","V4497X",2,7,3,4,4,7,7,50533,2,36
"1317","S916V","Finance","Y4468Y",6,5,7,7,7,6,7,52167,0,46
"1318","H560Y","Finance","Y7685W",4,7,6,6,5,7,7,59142,2,40
"1319","F937R","DSI","V8472W",7,1,7,7,7,2,3,53290,4,27
"1320","D819U","Ethics","X8022Z",2,5,3,4,4,6,NA,114793,5,26
"1321","M787N","Finance","Z7298V",1,7,2,2,2,7,7,70397,8,37
"1322","G747F","Health","Z4101Z",6,5,7,7,7,6,7,55055,5,43
"1323","O846O","Finance","X7645X",5,1,6,7,6,3,3,59187,5,24
"1324","N707P","R&D","X8066X",5,3,6,6,7,5,NA,99627,6,34
"1325","Z555O","Finance","Y9641W",2,4,3,4,3,5,5,72598,8,43
"1326","T642U","R&D","Y3553W",4,3,5,5,6,4,5,57474,0,26
"1327","W933X","R&D","V4497X",5,3,7,6,7,5,4,75737,10,22
"1328","B129X","R&D","X3607X",4,3,6,5,6,4,4,45481,5,41
"1329","C456V","R&D","Z2464Y",5,6,6,7,7,7,7,67188,10,31
"1330","C349Q","Finance","Y9641W",4,5,6,6,5,7,NA,56060,0,26
"1331","D258O","DSI","V8472W",6,1,7,7,7,2,2,57638,1,55
"1332","Q791M","R&D","X3607X",2,7,4,4,3,7,7,81186,3,53
"1333","C830O","R&D","Y3553W",7,7,7,7,7,7,7,59170,3,54
"1334","O767H","Finance","Y7685W",5,6,6,7,7,7,7,53083,1,43
"1335","T520R","Finance","Y7685W",5,3,6,6,6,5,NA,77364,9,25
"1336","M794R","Health","Z4101Z",1,4,2,2,2,5,5,53923,0,33
"1337","G826K","Finance","Y4468Y",4,4,5,6,6,5,5,131134,3,38
"1338","G192U","R&D","X8066X",7,4,7,7,7,6,6,73259,9,35
"1339","M374W","R&D","X3607X",5,7,6,7,7,7,7,141676,10,30
"1340","F566U","Finance","X7645X",1,7,2,2,3,7,7,52948,4,45
"1341","H404Q","Ethics","W2205Z",4,1,5,5,5,2,3,110132,5,42
"1342","A864B","Ethics","W2205Z",6,7,7,7,7,7,7,47627,7,24
"1343","H591N","Finance","Y9641W",4,7,6,6,5,7,7,82565,9,27
"1344","H632T","Health","W8102W",6,3,7,7,7,4,4,77734,8,41
"1345","N190Y","Finance","Y7685W",2,4,3,4,4,5,6,53259,2,23
"1346","I169K","R&D","Z2464Y",4,6,6,6,6,7,7,90988,9,39
"1347","Q622N","Finance","Y4468Y",4,2,6,6,6,3,3,63943,8,50
"1348","Z595B","Health","V7487V",5,1,6,7,6,4,3,54169,0,30
"1349","Y389E","Health","W8102W",4,5,6,5,5,7,6,139836,5,34
"1350","Q265T","Finance","Y7685W",5,2,6,6,6,4,4,72700,3,49
"1351","C418V","Ethics","W2205Z",1,7,2,3,2,7,7,47378,2,49
"1352","O673O","Health","W8102W",2,4,3,3,3,6,6,131572,9,23
"1353","I547V","R&D","X8066X",2,4,4,3,4,5,6,49062,1,46
"1354","E921L","R&D","X8066X",7,4,7,7,7,5,6,53970,5,36
"1355","K356H","R&D","Y3553W",6,5,7,7,7,6,7,69746,1,35
"1356","Z540R","Health","V7487V",2,2,3,3,4,4,3,140556,9,25
"1357","P842N","Finance","Y4468Y",1,7,3,3,2,7,NA,78870,3,53
"1358","O343O","R&D","Z2464Y",2,6,3,3,3,7,7,49721,6,36
"1359","O433A","Health","V7487V",2,1,4,3,4,2,2,49924,1,46
"1360","C422X","R&D","Z2464Y",6,1,7,7,7,2,3,71692,3,50
"1361","X155P","Ethics","W7742X",1,2,3,3,3,4,4,87531,5,28
"1362","H125L","R&D","Y3553W",4,1,5,5,6,3,2,75950,9,30
"1363","F827A","R&D","V4497X",1,4,3,2,3,5,6,66550,4,26
"1364","J945X","R&D","Y3553W",6,3,7,7,7,5,5,53572,5,51
"1365","Y554K","R&D","V4497X",2,2,3,3,4,4,3,135034,9,27
"1366","R435A","Finance","Y4468Y",4,1,5,5,5,3,3,51056,6,43
"1367","X983H","Health","Z4101Z",2,4,4,3,2,5,7,113976,3,46
"1368","H495O","Finance","X7645X",2,3,4,3,3,5,5,73070,10,31
"1369","T138O","R&D","Y3553W",1,6,3,2,2,7,7,49647,5,40
"1370","Y322Y","Finance","Y9641W",6,6,7,7,6,7,7,58678,5,36
"1371","P275V","Ethics","X8022Z",7,1,7,7,7,3,2,66316,10,34
"1372","Y454F","Health","V7487V",3,3,4,4,4,4,5,77565,5,42
"1373","Q126D","R&D","Y3553W",4,5,6,6,4,6,7,51451,4,55
"1374","T159D","R&D","X8066X",5,2,6,6,7,3,4,74675,1,42
"1375","P545T","R&D","V4497X",2,7,3,4,3,7,7,98794,5,44
"1376","N776A","Health","W8102W",2,3,3,3,3,5,5,54790,2,31
"1377","H690Z","R&D","X8066X",1,5,2,3,3,7,7,56960,2,23
"1378","Q503H","R&D","V4497X",6,1,7,7,7,3,2,48649,4,36
"1379","B162Y","Finance","X7645X",7,4,7,7,7,5,NA,54435,0,40
"1380","I450E","Ethics","X8022Z",6,3,7,7,6,5,5,57631,7,22
"1381","J768U","Finance","Z7298V",7,7,7,7,7,7,NA,48951,2,55
"1382","W491J","Health","Z4101Z",3,2,4,5,5,4,3,48847,7,26
"1383","S242X","R&D","V4497X",5,1,7,7,7,2,2,77964,9,34
"1384","S533V","Ethics","X8022Z",1,2,3,3,3,4,3,144927,0,32
"1385","average",NA,NA,2.95,NA,NA,NA,NA,NA,NA,NA,NA,NA
