"","id","team","manager","jobTasksSDSA","jobBalanceSDSA","jobPaySDSA","jobRecognitionSDSA","jobAdvancementSDSA","jobCoworkersSDSA","jobManagementSDSA"
"1","F411G","R&D","W6837Y",1,2,2,3,2,4,4
"2","W779U","Ethics","V1748V",3,1,4,5,4,3,3
"3","Q427W","DSI","I511L",2,2,3,4,3,3,2
"4","H115G","Finance","Z5080X",2,3,2,4,3,5,4
"5","E288E","Ethics","V1748V",5,4,6,6,6,6,NA
"6","J541D","R&D","V4203Y",1,4,3,3,3,5,6
"7","U207U","Finance","Z5080X",5,4,6,7,7,5,NA
"8","S245M","Finance","V1626X",2,1,4,3,3,2,2
"9","E791P","R&D","X8503X",2,1,4,4,3,3,NA
"10","H817V","R&D","V4859W",3,5,5,4,5,7,NA
"11","O175E","Finance","V1626X",4,3,4,6,5,4,5
"12","R865D","Ethics","W4935V",5,2,7,7,7,4,4
"13","Y753V","Finance","Z4040W",2,5,3,4,3,7,NA
"14","V240N","Finance","Z4040W",5,1,7,6,7,3,2
"15","S858P","Finance","Z5440X",2,2,4,5,3,3,3
"16","F926A","R&D","V4859W",5,1,7,6,6,3,3
"17","C135L","Health","V3988Z",2,4,4,4,4,5,6
"18","M118T","R&D","V4859W",5,1,7,6,7,3,3
"19","H191X","Finance","Z4040W",5,1,6,7,7,3,2
"20","K151K","Finance","Z4040W",5,1,7,6,6,2,3
"21","G130L","Ethics","V5401Z",4,5,6,5,5,6,7
"22","K331C","Finance","Z5440X",2,2,3,3,4,3,3
"23","N146C","DSI","Y7924Z",4,1,6,6,5,3,3
"24","H700G","R&D","V4859W",5,1,6,7,6,3,2
"25","H882E","Finance","Z4040W",1,1,3,3,3,2,3
"26","I437A","R&D","V4203Y",1,4,3,3,3,6,6
"27","G235U","Finance","Z4040W",1,3,3,3,3,4,5
"28","J356R","Finance","Z4040W",2,1,4,4,3,2,3
"29","G978Z","Ethics","V5401Z",3,5,4,4,5,7,7
"30","C230K","R&D","X2508W",1,1,3,3,3,3,2
"31","B542J","DSI","Y7924Z",5,2,6,6,7,3,3
"32","N436H","Finance","Z4040W",4,3,5,5,5,5,5
"33","X631Q","Ethics","W4935V",3,5,5,5,4,7,7
"34","A654L","R&D","X2508W",2,5,3,2,4,6,6
"35","P207V","Ethics","V5401Z",1,3,3,2,3,5,5
"36","K288R","Finance","Z5440X",5,5,5,6,7,6,NA
"37","N137H","R&D","X2508W",3,1,5,4,4,2,3
"38","A199C","Finance","Z5080X",4,5,4,6,6,7,NA
"39","M962K","Health","X3361V",5,3,6,6,6,5,3
"40","H240K","Finance","W7052V",2,3,4,3,3,4,4
"41","C367M","Finance","Z4040W",4,4,6,5,6,6,NA
"42","L595Z","Health","Y9874X",1,1,2,3,2,2,3
"43","D982N","Health","Y9874X",2,3,3,4,3,5,4
"44","N934H","Finance","Z5440X",3,2,4,5,4,4,4
"45","C255K","Finance","Z4040W",5,4,6,7,7,5,6
"46","R359E","Finance","V1626X",1,3,2,2,4,4,4
"47","B554U","Health","X3361V",2,1,4,4,4,2,2
"48","P583H","Ethics","V5401Z",5,1,6,6,6,2,3
"49","B523N","R&D","W6837Y",2,3,3,4,3,4,5
"50","N272I","Health","X3361V",3,5,5,5,5,6,6
"51","Z769A","R&D","W6837Y",3,4,6,5,4,5,5
"52","B331M","Health","V3988Z",5,5,7,7,7,7,NA
"53","P111Q","Finance","Z4040W",4,3,6,6,6,5,5
"54","W910F","Finance","V1626X",3,4,4,5,5,6,6
"55","P716I","Finance","W7052V",5,3,7,7,6,5,NA
"56","C382A","Finance","Z5080X",4,3,5,5,6,5,NA
"57","A694N","Finance","Z4040W",5,3,6,6,7,5,4
"58","Q327Z","R&D","V4859W",4,5,5,5,6,7,NA
"59","I580K","Health","Y9874X",1,4,3,3,2,5,5
"60","W823D","Health","Y9874X",1,2,2,3,2,4,4
"61","Q203J","Ethics","W4935V",3,5,4,4,5,6,6
"62","G835X","DSI","Y7924Z",5,4,7,6,6,5,NA
"63","L683Z","Finance","Z5440X",2,2,4,4,3,3,4
"64","C532P","Ethics","V1748V",3,1,4,5,4,4,2
"65","O965G","Finance","Z5080X",2,4,3,3,3,6,5
"66","T736U","R&D","V4203Y",4,4,6,5,6,6,5
"67","O781F","Health","Y9874X",2,3,3,3,3,4,4
"68","G264L","R&D","V4859W",1,1,2,3,2,3,2
"69","U380A","Finance","Z4040W",1,4,2,1,2,6,5
"70","N340G","Ethics","V1748V",3,3,5,5,5,4,4
"71","F966R","Ethics","V1748V",1,1,3,2,3,3,3
"72","K705Z","Ethics","W4935V",5,3,7,6,7,6,4
"73","M882I","R&D","V4203Y",2,1,4,4,4,2,3
"74","S356D","Finance","Z4040W",3,1,4,4,5,3,NA
"75","I744R","Finance","Z5440X",1,4,3,2,2,5,5
"76","R522U","Finance","V1626X",1,3,3,3,4,4,4
"77","A437B","R&D","X8503X",3,1,5,5,5,3,3
"78","U158Z","Finance","Z4040W",2,5,4,3,4,7,NA
"79","P553F","Ethics","V1748V",4,3,6,6,5,5,5
"80","Z275A","R&D","W6837Y",1,5,3,2,2,6,7
"81","O691R","R&D","X8503X",1,2,3,2,3,3,3
"82","P839A","Ethics","V5401Z",5,4,7,6,6,6,5
"83","H946W","R&D","V4859W",5,1,6,6,6,2,3
"84","B812C","R&D","V4859W",1,5,3,2,3,7,6
"85","M212O","R&D","X8503X",1,5,3,2,3,6,7
"86","Q749K","Finance","V1626X",2,2,3,3,4,4,4
"87","R467Y","R&D","X2508W",3,3,4,4,4,4,4
"88","Y510M","R&D","X8503X",3,1,4,4,4,2,2
"89","H582D","Finance","Z5440X",2,2,4,3,3,4,4
"90","J836U","DSI","Y7924Z",4,1,6,6,6,2,3
"91","C993P","R&D","X8503X",1,5,3,2,2,6,6
"92","S109W","R&D","X8503X",4,4,6,6,6,5,NA
"93","L400F","Ethics","V5401Z",2,4,4,4,3,6,6
"94","C655F","R&D","V4203Y",1,1,3,3,2,3,3
"95","J423I","R&D","W6837Y",3,5,4,6,4,7,7
"96","U728N","R&D","V4203Y",4,3,7,5,5,4,4
"97","M925Y","R&D","X8503X",1,1,3,2,2,2,2
"98","M207R","Finance","Z5440X",1,5,2,3,3,7,7
"99","O159N","Finance","W7052V",4,5,5,5,6,7,6
"100","Z858C","Health","X3361V",4,3,6,4,6,5,NA
"101","G806A","R&D","V4859W",1,5,3,2,2,7,7
"102","N611D","R&D","X2508W",4,1,5,6,5,2,NA
"103","A866O","Ethics","V1748V",3,1,4,4,4,3,3
"104","T690J","R&D","V4203Y",1,4,3,3,2,5,6
"105","E119J","Health","V3988Z",4,1,6,5,5,3,2
"106","D498G","DSI","Y7924Z",1,2,3,3,2,3,3
"107","I591D","R&D","X8503X",4,4,5,6,6,5,7
"108","R513P","R&D","X8503X",5,4,6,6,6,6,6
"109","Q465T","R&D","V4859W",3,4,5,4,4,6,6
"110","H433I","Finance","Z4040W",1,3,2,3,2,5,5
"111","J288J","Finance","Z4040W",4,1,7,6,5,2,2
"112","Q596E","R&D","W6837Y",3,2,4,5,4,3,3
"113","V621N","Finance","Z5440X",5,1,7,7,6,3,2
"114","W901F","Health","Y9874X",4,2,5,5,6,5,3
"115","S610M","Finance","V1626X",2,3,4,4,3,4,5
"116","C365F","Finance","Z5080X",5,3,6,7,7,4,4
"117","D230N","Ethics","V1748V",4,1,6,6,5,3,2
"118","Q606G","R&D","V4859W",4,3,7,5,6,4,4
"119","I476Y","R&D","W6837Y",4,2,5,5,5,3,4
"120","R371K","Finance","W7052V",3,4,5,5,4,6,6
"121","Z751K","Health","Y9874X",4,1,5,6,5,3,3
"122","Y233P","Finance","V1626X",5,3,6,6,6,4,4
"123","X203R","R&D","X2508W",1,3,2,2,3,5,5
"124","C135G","Finance","Z4040W",3,2,4,4,5,3,4
"125","N363W","Finance","W7052V",5,1,6,6,5,2,2
"126","V285G","R&D","X8503X",2,3,3,3,3,5,5
"127","T583Z","DSI","Y7924Z",1,1,3,2,3,3,2
"128","O569U","Finance","V1626X",1,2,3,3,4,3,4
"129","W378W","Health","Y9874X",2,1,3,3,3,2,2
"130","C625Y","Health","Y9874X",4,5,5,6,6,6,NA
"131","N898J","Finance","Z5440X",1,3,3,2,3,6,5
"132","J164K","Finance","Z5080X",1,1,3,3,3,2,2
"133","S840N","Finance","Z4040W",3,4,5,4,4,5,4
"134","C250X","Health","X3361V",4,3,5,5,6,5,5
"135","A688J","Health","Y9874X",2,1,3,3,3,2,3
"136","B915E","Finance","W7052V",1,4,2,2,2,6,4
"137","F160B","R&D","W6837Y",2,5,3,4,3,6,7
"138","M671F","Health","Y9874X",3,4,5,4,4,7,6
"139","F634Q","R&D","W6837Y",1,2,3,3,3,4,4
"140","F293M","Health","V3988Z",5,3,7,6,6,4,5
"141","Z310P","Health","Y9874X",3,1,5,4,4,2,2
"142","Y659U","Health","Y9874X",2,2,4,3,3,3,4
"143","N305D","R&D","V4859W",5,1,7,7,7,3,3
"144","A224O","DSI","Y7924Z",1,3,3,3,3,5,5
"145","L852M","Finance","Z4040W",4,1,5,5,6,3,2
"146","P831I","R&D","V4203Y",1,1,3,2,3,3,NA
"147","M800M","Finance","Z4040W",3,5,5,5,5,6,7
"148","Q347N","Health","X3361V",3,4,4,5,5,6,5
"149","D469A","Finance","Z5440X",1,1,2,3,2,2,2
"150","Z895X","Finance","Z4040W",5,2,6,6,6,4,3
"151","S386Y","Health","V3988Z",4,5,6,6,6,7,NA
"152","R956O","Ethics","V1748V",1,2,3,3,3,3,3
"153","D385Q","R&D","X8503X",2,1,2,3,4,2,2
"154","D350R","Ethics","V1748V",1,2,2,3,2,3,4
"155","C804M","R&D","V4859W",4,2,5,6,5,3,3
"156","K690H","R&D","X8503X",5,3,7,7,6,5,5
"157","P530X","Finance","Z5440X",3,5,4,5,4,7,7
"158","W682H","Finance","Z5080X",1,1,3,2,3,3,2
"159","G561K","R&D","X8503X",3,2,5,4,5,3,3
"160","I233N","R&D","X2508W",2,3,4,4,3,5,4
"161","U125U","Finance","Z5080X",2,5,4,4,4,7,6
"162","G157V","Ethics","W4935V",1,1,2,3,2,3,3
"163","G752V","R&D","V4859W",5,5,6,7,6,6,NA
"164","U985F","Finance","Z4040W",3,2,5,4,4,4,3
"165","S863Q","Ethics","V1748V",2,4,4,4,4,6,5
"166","O301Z","R&D","V4203Y",4,2,5,6,6,3,4
"167","G132K","Finance","V1626X",3,3,5,4,5,5,4
"168","I614Y","Health","Y9874X",1,3,3,2,2,5,5
"169","B678E","Finance","Z4040W",4,5,6,5,6,6,NA
"170","E845S","Finance","Z4040W",3,5,5,3,5,5,7
"171","T791W","Finance","Z4040W",1,2,3,2,3,3,4
"172","B108T","Finance","Z5080X",3,1,3,3,5,3,2
"173","Z296Y","R&D","V4203Y",3,1,4,4,5,2,4
"174","V482X","DSI","Y7924Z",1,2,2,2,2,3,4
"175","T107L","R&D","X8503X",5,3,6,7,7,5,4
"176","S475L","Finance","Z5440X",1,2,2,2,2,4,3
"177","W533W","R&D","W6837Y",1,2,2,2,2,3,3
"178","W334C","R&D","V4203Y",1,2,2,2,2,3,5
"179","X440F","R&D","V4859W",4,3,6,6,5,4,4
"180","P835K","Ethics","V1748V",2,4,3,3,4,6,5
"181","N240H","R&D","V4859W",4,4,6,6,6,7,6
"182","H482S","Ethics","W4935V",4,3,6,6,5,5,5
"183","L237O","Ethics","V1748V",2,1,4,3,3,3,3
"184","L893M","Ethics","W4935V",3,2,4,5,4,4,3
"185","T846V","R&D","X2508W",1,2,3,2,3,4,4
"186","N976Q","Finance","Z4040W",4,2,5,6,5,3,4
"187","N837O","Finance","Z5440X",3,3,4,4,4,5,4
"188","E241X","Finance","V1626X",3,2,5,5,5,4,4
"189","T129R","R&D","W6837Y",2,4,4,3,4,6,6
"190","R876C","Health","V3988Z",3,4,5,4,4,6,6
"191","P909F","Finance","Z5440X",4,1,5,5,4,2,2
"192","R263O","Health","Y9874X",3,3,4,5,5,5,NA
"193","G918L","R&D","X2508W",3,2,5,5,4,3,4
"194","L856P","Finance","Z5440X",5,4,7,6,6,5,NA
"195","C685U","Ethics","V5401Z",1,1,2,3,3,2,2
"196","V922V","Finance","W7052V",3,5,5,5,4,6,7
"197","B825J","Ethics","V5401Z",3,4,5,5,4,6,5
"198","Q335N","Finance","Z5440X",3,4,5,4,5,5,6
"199","S672F","Finance","W7052V",3,3,5,5,4,5,5
"200","A363G","Finance","V1626X",3,3,5,4,4,4,4
"201","K515N","Finance","W7052V",4,2,5,7,5,4,4
"202","R111V","Finance","W7052V",5,2,7,6,7,3,NA
"203","S906C","Ethics","V1748V",2,2,3,3,3,4,4
"204","G596X","Ethics","V1748V",1,5,2,3,2,7,7
"205","V573W","R&D","V4859W",3,1,4,4,5,3,NA
"206","C933T","R&D","X2508W",4,2,6,5,6,4,NA
"207","F415N","Health","V3988Z",3,5,5,4,5,7,NA
"208","W892C","R&D","X8503X",2,4,3,3,3,5,6
"209","Q824J","R&D","W6837Y",2,1,4,3,4,3,3
"210","M797V","R&D","X2508W",5,4,7,7,6,5,NA
"211","G550V","Finance","W7052V",2,2,4,3,3,4,2
"212","D562H","Finance","Z4040W",4,4,6,5,6,6,6
"213","D484U","Finance","W7052V",5,2,7,7,6,4,3
"214","V122D","Finance","Z5080X",2,4,5,3,3,5,5
"215","H378U","Finance","Z4040W",5,2,7,7,6,3,3
"216","A893U","Finance","Z5080X",5,2,6,5,6,4,3
"217","T794N","Finance","Z5080X",3,1,4,5,4,2,2
"218","P704U","Health","V3988Z",2,2,4,4,3,3,4
"219","U740H","Finance","Z5080X",1,4,2,3,2,5,6
"220","F195B","Health","X3361V",1,4,3,3,3,5,6
"221","W825D","R&D","V4859W",1,3,2,1,2,4,4
"222","F373Z","Ethics","V5401Z",1,5,2,2,2,6,7
"223","N273J","R&D","V4203Y",1,5,2,2,2,7,6
"224","L518B","Health","X3361V",3,1,4,4,4,3,3
"225","U372P","Finance","Z4040W",3,2,5,5,4,3,4
"226","C830R","R&D","V4203Y",3,2,4,5,5,5,4
"227","V404H","Ethics","V1748V",5,3,7,7,7,4,NA
"228","W111J","R&D","V4859W",2,1,4,4,4,2,2
"229","M441F","Finance","Z5440X",5,5,6,7,6,6,6
"230","X899C","R&D","V4203Y",1,1,3,2,3,3,2
"231","G826M","DSI","Y7924Z",2,1,2,4,4,2,3
"232","H295K","Health","X3361V",5,2,6,7,7,4,3
"233","M922N","Finance","Z5440X",2,1,3,3,4,3,2
"234","I615M","R&D","X2508W",2,2,3,4,3,4,4
"235","B127G","R&D","V4859W",2,5,4,3,3,7,6
"236","H951R","R&D","V4859W",5,4,7,6,6,6,5
"237","O283X","R&D","X2508W",5,1,6,6,6,2,2
"238","U403U","R&D","V4859W",2,3,3,3,4,4,5
"239","D207K","R&D","V4203Y",2,2,3,2,3,4,NA
"240","E734I","R&D","V4859W",2,1,2,3,2,2,3
"241","R516K","R&D","X2508W",1,5,2,2,3,6,7
"242","L508D","Finance","Z5440X",1,3,3,2,2,4,4
"243","E104V","DSI","Y7924Z",2,2,3,3,3,3,3
"244","P314W","R&D","X2508W",5,1,6,7,6,3,2
"245","X453C","Health","X3361V",5,4,6,6,7,6,5
"246","L639D","Finance","Z5080X",2,3,4,3,3,4,5
"247","Z965H","R&D","X8503X",5,4,6,7,7,5,5
"248","R565T","Health","Y9874X",5,5,7,7,7,7,NA
"249","V943T","Finance","Z4040W",3,2,4,4,4,4,3
"250","Y737T","Finance","W7052V",4,2,6,6,5,4,3
"251","W774T","Health","X3361V",1,4,2,2,2,6,5
"252","A663R","Ethics","V5401Z",2,2,3,4,3,4,5
"253","M972I","Finance","Z5440X",3,5,4,5,5,7,NA
"254","S995M","R&D","X2508W",3,2,4,5,4,4,3
"255","N633A","R&D","X8503X",5,1,6,6,7,3,NA
"256","W845C","Ethics","W4935V",1,4,3,2,2,6,6
"257","G295D","Finance","W7052V",4,3,6,6,6,6,5
"258","V300Z","DSI","Y7924Z",1,1,3,2,2,2,3
"259","L943Y","Finance","Z5440X",5,3,6,7,7,5,4
"260","L625D","R&D","X8503X",5,3,7,6,6,5,6
"261","O815Q","Ethics","V1748V",2,1,3,4,3,2,2
"262","C503Z","Finance","Z4040W",1,2,2,3,3,4,4
"263","U213X","Health","Y9874X",4,4,6,5,5,5,7
"264","H201W","R&D","X2508W",1,3,2,3,2,4,5
"265","Y185F","Health","Y9874X",4,2,6,5,5,4,4
"266","Q316Q","Ethics","V5401Z",2,3,4,4,4,5,5
"267","H699U","Finance","Z5440X",1,5,3,3,3,7,6
"268","V528M","Ethics","V5401Z",4,5,6,6,6,6,7
"269","P485U","R&D","V4859W",3,2,4,4,5,4,4
"270","V454K","Finance","Z5440X",3,2,5,5,4,3,3
"271","C315D","Ethics","V5401Z",5,1,7,7,7,2,3
"272","W340M","Ethics","V5401Z",3,1,4,5,5,3,3
"273","F537D","R&D","X8503X",5,3,6,6,6,5,5
"274","G431I","Finance","V1626X",1,2,3,3,2,3,4
"275","N970G","Ethics","W4935V",3,1,5,4,4,3,2
"276","Z491G","Ethics","V5401Z",5,3,7,7,6,5,5
"277","I954B","Finance","V1626X",4,5,5,5,6,6,6
"278","V238R","R&D","X2508W",4,4,6,7,5,6,NA
"279","A836E","Finance","Z5080X",3,1,4,5,4,3,3
"280","P690F","R&D","X8503X",5,1,6,7,7,2,3
"281","P909H","R&D","X2508W",4,3,5,6,4,5,5
"282","P334F","DSI","Y7924Z",4,3,5,5,5,3,4
"283","N739L","Health","V3988Z",5,3,7,7,6,4,5
"284","R155E","DSI","Y7924Z",4,2,5,5,5,4,5
"285","G134K","Health","V3988Z",1,5,3,3,1,7,7
"286","P460L","Health","X3361V",4,3,6,6,6,5,NA
"287","F976B","Health","Y9874X",4,2,5,5,5,4,5
"288","D613E","Health","Y9874X",5,5,7,7,6,6,6
"289","Q810G","Finance","W7052V",2,5,3,4,3,7,6
"290","C230B","Finance","V1626X",5,2,6,6,6,3,NA
"291","W745O","R&D","X2508W",1,3,3,3,2,5,5
"292","Y122S","R&D","W6837Y",1,4,2,3,3,5,6
"293","K301V","Ethics","V5401Z",4,3,5,5,6,4,5
"294","W165X","DSI","I511L",4,1,6,5,6,2,0
"295","O893U","Ethics","W4935V",1,3,2,3,3,4,5
"296","D513V","Finance","Z4040W",3,2,5,4,4,3,4
"297","T164M","DSI","Y7924Z",1,3,2,3,2,5,5
"298","N622V","R&D","X8503X",2,5,4,3,4,7,6
"299","E443D","Ethics","V5401Z",5,2,7,6,6,4,3
"300","S513K","DSI","Y7924Z",2,5,4,3,3,6,6
"301","W867Y","DSI","Y7924Z",3,4,4,5,4,6,5
"302","U467Q","R&D","V4203Y",3,1,5,4,5,3,2
"303","Z591J","Finance","Z4040W",5,2,6,5,6,3,NA
"304","T543Q","Finance","Z5440X",5,2,7,7,6,4,4
"305","E820M","Finance","Z4040W",4,1,6,5,5,2,2
"306","F263W","Finance","Z4040W",2,1,4,4,4,3,2
"307","G263J","Finance","W7052V",3,2,4,4,4,4,4
"308","G187T","R&D","X2508W",3,5,4,5,5,6,6
"309","U249W","Health","Y9874X",4,1,6,6,5,2,NA
"310","S856G","Health","X3361V",5,4,7,6,7,6,6
"311","U459X","Ethics","V1748V",4,1,5,5,6,3,3
"312","V962K","R&D","X8503X",4,3,6,5,6,5,5
"313","T319G","R&D","V4859W",5,5,7,7,7,6,NA
"314","M237D","Ethics","V5401Z",2,3,4,3,3,5,5
"315","K670W","Finance","Z5440X",3,2,5,4,4,3,4
"316","T225O","R&D","V4203Y",5,4,7,6,6,5,NA
"317","S497C","Finance","V1626X",1,2,2,2,4,4,4
"318","P702T","R&D","V4203Y",1,3,2,3,3,4,4
"319","C299A","Health","X3361V",2,3,3,3,4,5,5
"320","N336O","Finance","Z5080X",4,1,5,5,5,2,NA
"321","V606I","Finance","Z5080X",4,4,5,6,5,6,6
"322","W520P","Finance","Z4040W",1,2,2,2,2,3,3
"323","E616W","R&D","W6837Y",2,4,4,4,4,5,5
"324","L251C","Ethics","W4935V",1,4,2,2,3,5,6
"325","C537X","Finance","Z4040W",1,4,3,3,3,5,6
"326","K237L","DSI","Y7924Z",3,3,4,5,4,5,4
"327","B176J","Finance","Z4040W",3,5,4,5,5,6,7
"328","L684C","Finance","Z4040W",1,3,2,3,3,4,5
"329","J937Q","DSI","Y7924Z",4,3,6,6,6,5,NA
"330","M716B","Finance","W7052V",2,5,3,3,4,5,7
"331","I252J","R&D","V4859W",4,5,6,6,6,7,7
"332","M545H","Ethics","V1748V",1,1,2,2,2,2,3
"333","K549Q","DSI","Y7924Z",5,4,6,7,7,5,5
"334","Y831M","DSI","Y7924Z",1,1,3,2,3,2,2
"335","T703Q","Finance","W7052V",4,5,5,6,6,6,6
"336","V171U","Finance","Z5080X",4,4,5,6,5,6,5
"337","X249Q","Finance","V1626X",1,2,2,2,3,4,4
"338","W641D","R&D","V4859W",3,2,4,3,5,4,4
"339","F166T","Finance","W7052V",3,5,4,4,4,6,7
"340","V221D","Finance","V1626X",4,2,6,6,6,5,NA
"341","K230P","Ethics","V5401Z",1,3,3,3,3,4,5
"342","C342A","R&D","X2508W",2,1,3,3,3,3,3
"343","M650E","Ethics","W4935V",1,1,2,3,2,3,3
"344","P439N","R&D","V4859W",1,5,2,3,2,7,7
"345","H645X","Ethics","W4935V",3,3,4,4,4,4,4
"346","W870N","R&D","X8503X",1,3,3,3,2,4,5
"347","S119E","Health","X3361V",2,1,3,3,3,3,2
"348","M367Q","Finance","W7052V",3,3,4,5,4,5,4
"349","H796O","Health","X3361V",4,3,6,5,5,4,5
"350","R930N","Finance","Z5080X",3,2,4,4,4,4,4
"351","K253X","Finance","V1626X",3,1,5,4,5,3,2
"352","H706V","Health","V3988Z",1,4,3,2,3,6,6
"353","V549Z","Health","Y9874X",1,2,2,2,2,3,4
"354","T795R","Finance","V1626X",2,5,4,4,4,7,NA
"355","U558M","Ethics","W4935V",5,1,6,7,6,3,NA
"356","S277X","R&D","X2508W",2,3,3,3,3,5,5
"357","I170Y","Finance","Z5440X",3,3,5,4,5,4,3
"358","H310D","Finance","Z5440X",5,5,7,6,6,7,7
"359","J365V","Finance","Z4040W",5,4,7,6,6,5,NA
"360","W214V","R&D","W6837Y",2,4,3,4,4,5,5
"361","W705X","Finance","Z5440X",5,5,7,7,7,6,NA
"362","U986G","R&D","W6837Y",4,1,5,6,6,2,3
"363","F721F","Finance","Z5440X",5,3,6,6,6,5,5
"364","O384N","DSI","Y7924Z",2,2,4,4,3,4,3
"365","P652W","Finance","Z5080X",4,2,6,5,6,4,3
"366","L324S","R&D","W6837Y",3,5,4,5,5,7,6
"367","P553D","R&D","W6837Y",1,1,2,3,2,2,2
"368","F733Q","R&D","X8503X",3,1,4,4,5,2,3
"369","D763U","Finance","Z4040W",4,2,5,6,5,3,3
"370","W651T","Finance","V1626X",3,4,5,4,5,5,5
"371","M576F","R&D","W6837Y",5,3,7,7,7,4,4
"372","D648U","Finance","V1626X",5,5,7,7,7,7,NA
"373","N465K","Finance","Z4040W",4,1,5,5,6,3,2
"374","B276K","R&D","W6837Y",1,1,3,2,2,2,2
"375","N348V","Finance","V1626X",3,2,5,4,3,4,3
"376","E344Y","Health","V3988Z",5,3,6,7,7,4,5
"377","H717I","R&D","V4859W",1,2,2,3,4,3,4
"378","U931A","Ethics","V1748V",4,4,5,6,5,5,6
"379","J614G","Finance","Z4040W",4,5,6,6,5,6,6
"380","E129K","R&D","X2508W",3,2,4,5,5,3,4
"381","Z777O","Finance","Z4040W",2,3,3,3,3,4,5
"382","B339G","Finance","Z5080X",2,2,3,4,4,4,4
"383","S442B","R&D","V4203Y",1,4,3,2,3,4,7
"384","H392G","R&D","W6837Y",3,2,5,4,5,3,3
"385","I408K","Health","Y9874X",5,4,6,7,6,6,7
"386","Q106E","R&D","W6837Y",1,5,3,3,2,7,6
"387","Q521Y","Finance","V1626X",4,4,5,5,7,6,6
"388","N560X","R&D","X2508W",4,3,6,6,6,4,NA
"389","Z950U","Ethics","V5401Z",5,2,6,6,7,4,3
"390","I203G","R&D","X2508W",5,2,6,7,7,4,NA
"391","J301A","Finance","V1626X",1,4,3,4,3,6,5
"392","S976W","R&D","V4859W",1,3,2,2,2,5,4
"393","S741W","Health","Y9874X",4,5,6,5,6,7,NA
"394","V173U","R&D","V4859W",3,2,5,5,5,4,3
"395","E420J","Finance","Z5080X",3,3,4,5,5,5,4
"396","E568T","R&D","X2508W",5,4,6,6,7,5,6
"397","H446H","Finance","Z5440X",5,4,6,7,7,5,NA
"398","Q861G","Finance","Z4040W",2,1,3,3,4,2,3
"399","R762S","Health","X3361V",4,2,5,6,6,4,2
"400","A978J","Ethics","V1748V",3,1,4,5,5,2,2
"401","I713I","R&D","V4203Y",3,1,4,4,5,2,2
"402","F432U","R&D","W6837Y",3,5,5,5,5,6,NA
"403","A544C","Finance","Z5080X",2,2,5,3,4,3,4
"404","D482S","R&D","V4203Y",1,5,3,2,2,6,5
"405","X815X","Ethics","V1748V",2,2,3,4,3,4,3
"406","T610X","Health","V3988Z",3,4,5,5,5,6,6
"407","C265B","R&D","W6837Y",2,1,4,3,4,2,4
"408","Z993Y","R&D","V4859W",5,1,7,6,7,3,3
"409","L470Y","R&D","V4859W",4,5,5,5,6,5,7
"410","S287M","R&D","V4203Y",2,1,4,4,4,3,NA
"411","E458N","Finance","Z4040W",3,3,5,5,5,4,4
"412","P743P","Finance","W7052V",3,2,4,4,5,4,3
"413","D763M","DSI","I511L",1,1,2,2,2,3,0
"414","C435H","Ethics","W4935V",3,1,4,4,4,3,3
"415","Q745K","Finance","Z5080X",4,2,5,5,6,3,3
"416","K619Y","R&D","X2508W",1,4,2,3,2,5,5
"417","U662D","R&D","V4203Y",5,4,6,6,6,6,5
"418","N668B","R&D","X2508W",2,4,4,3,3,6,6
"419","G874D","R&D","V4859W",5,5,7,6,7,6,NA
"420","W685J","Finance","Z5440X",4,4,6,6,6,6,6
"421","K432F","R&D","V4203Y",5,4,7,6,6,5,6
"422","A997G","R&D","X8503X",5,1,6,7,6,2,3
"423","T918L","Finance","Z5440X",3,1,4,5,5,2,2
"424","T184S","R&D","V4203Y",2,2,4,5,3,3,3
"425","V471N","DSI","Y7924Z",3,2,4,5,4,3,NA
"426","B721P","Finance","W7052V",5,1,7,6,6,3,NA
"427","D296R","Ethics","W4935V",1,1,2,2,2,2,3
"428","D297I","R&D","W6837Y",3,1,5,4,5,2,2
"429","X873K","DSI","I511L",4,1,5,5,5,3,1
"430","T958X","Ethics","V5401Z",3,1,5,5,4,3,2
"431","Y850S","R&D","X8503X",4,2,4,6,5,4,NA
"432","R351T","R&D","W6837Y",2,3,3,3,4,4,5
"433","C554V","R&D","V4859W",3,4,5,4,4,6,NA
"434","G733T","Health","X3361V",1,2,3,2,2,3,3
"435","V940Z","Finance","W7052V",2,2,3,4,4,4,3
"436","Z378U","R&D","X8503X",1,3,3,2,3,4,4
"437","N674Z","R&D","V4203Y",2,5,3,4,4,7,6
"438","R300F","R&D","V4859W",3,3,5,5,5,4,5
"439","B299D","Finance","W7052V",3,1,4,5,5,2,2
"440","P541B","Ethics","W4935V",1,2,2,3,3,5,3
"441","R293J","R&D","V4203Y",5,3,7,6,6,4,5
"442","T353E","Health","Y9874X",4,5,5,7,5,6,NA
"443","M307W","Finance","Z5440X",3,2,4,4,4,3,4
"444","B423R","R&D","V4203Y",3,4,5,4,5,5,NA
"445","V531P","R&D","X2508W",3,1,4,4,4,3,3
"446","K868X","Ethics","V5401Z",2,4,4,3,4,6,6
"447","O765M","R&D","V4203Y",2,1,4,4,3,2,3
"448","C674X","Ethics","V5401Z",2,3,4,3,4,5,4
"449","U539R","R&D","X8503X",2,4,3,3,4,5,5
"450","I295P","Finance","Z5440X",2,5,4,3,3,6,5
"451","U222I","Health","X3361V",3,5,5,5,4,6,7
"452","H989X","Health","Y9874X",2,1,3,4,3,3,2
"453","P102D","Finance","Z4040W",3,5,4,4,4,7,6
"454","A951M","R&D","X8503X",4,1,6,5,5,2,3
"455","L142A","R&D","X8503X",3,1,5,4,6,2,NA
"456","H795B","Ethics","W4935V",4,4,6,6,6,6,6
"457","X388A","R&D","X2508W",4,1,5,6,6,2,3
"458","O690Z","Finance","Z5440X",1,2,3,2,3,3,3
"459","E712C","R&D","X2508W",1,1,3,3,3,3,2
"460","V831A","Finance","W7052V",1,3,3,2,2,4,5
"461","J251V","R&D","W6837Y",2,5,4,3,4,7,7
"462","H288H","Ethics","W4935V",4,3,6,5,5,5,4
"463","A946V","Health","X3361V",4,5,5,6,5,6,NA
"464","R916O","R&D","X8503X",1,2,2,2,3,4,4
"465","C708X","Finance","Z4040W",2,4,4,3,3,6,5
"466","T721A","R&D","V4859W",2,4,4,3,3,5,5
"467","X267K","R&D","X8503X",2,1,4,4,4,3,NA
"468","U118T","Finance","Z4040W",3,1,4,4,5,3,2
"469","O219K","R&D","V4859W",5,1,6,7,7,2,2
"470","V288Z","Health","Y9874X",1,4,3,3,3,5,6
"471","V367P","DSI","Y7924Z",2,5,3,3,4,7,NA
"472","Z846C","DSI","Y7924Z",3,5,5,4,5,6,NA
"473","G434G","Finance","V1626X",3,5,3,4,5,6,NA
"474","M499U","Ethics","V1748V",2,2,3,3,4,3,4
"475","I733Y","DSI","I511L",4,2,7,5,5,3,2
"476","I994O","Finance","Z5440X",2,3,3,3,4,5,4
"477","M149V","R&D","W6837Y",4,4,5,5,5,5,5
"478","J977M","Finance","Z5080X",2,5,4,3,4,6,7
"479","G724Y","Finance","Z5080X",2,4,3,3,4,5,6
"480","Z841N","R&D","V4203Y",3,3,5,5,4,5,4
"481","Y465S","Finance","Z5080X",3,5,5,4,4,6,6
"482","K445U","Ethics","W4935V",5,3,6,7,6,5,5
"483","Y379Z","Health","Y9874X",4,2,5,5,6,3,4
"484","D889S","Ethics","V5401Z",4,2,5,5,5,3,NA
"485","G673G","R&D","X2508W",2,3,3,5,3,4,4
"486","L542S","Health","V3988Z",1,2,2,2,2,4,3
"487","K182T","Finance","Z5440X",3,1,4,5,6,3,2
"488","F233Y","Finance","Z5080X",2,5,4,4,3,7,7
"489","S972H","Finance","Z4040W",3,3,4,4,4,5,NA
"490","N621M","Finance","Z5080X",4,4,6,5,6,5,6
"491","V330R","Finance","Z4040W",1,4,3,2,3,5,NA
"492","D579D","Finance","Z5080X",5,1,7,6,7,3,3
"493","N999K","Finance","W7052V",3,5,4,4,5,6,NA
"494","K270Q","Health","V3988Z",4,4,5,6,7,5,NA
"495","J474E","Finance","Z4040W",3,2,5,5,5,3,4
"496","C629K","Finance","Z5440X",5,4,6,6,7,6,5
"497","G518S","Finance","W7052V",4,2,5,6,5,4,4
"498","F540N","Finance","W7052V",3,2,4,5,4,4,3
"499","Q410J","Health","X3361V",4,1,5,6,6,2,3
"500","H377G","R&D","X8503X",1,2,2,3,3,3,4
"501","E836Y","R&D","V4859W",5,5,7,7,7,6,NA
"502","H796B","Ethics","V1748V",3,5,5,4,5,5,7
"503","I904K","R&D","V4203Y",3,2,5,5,5,4,4
"504","I424A","R&D","X2508W",2,2,4,4,3,4,4
"505","D789K","Finance","V1626X",2,1,3,3,4,2,2
"506","G952M","Finance","Z5080X",2,2,3,3,4,3,4
"507","P655F","Finance","V1626X",2,2,2,3,4,4,NA
"508","K686V","Finance","W7052V",4,4,5,5,6,5,5
"509","P182S","R&D","X2508W",4,1,7,6,5,2,3
"510","U585I","DSI","Y7924Z",3,2,4,6,4,3,4
"511","W250C","Finance","Z4040W",4,2,6,6,6,3,3
"512","O431P","Finance","V1626X",3,1,5,5,5,2,2
"513","M450B","Finance","Z4040W",4,3,6,6,4,5,4
"514","J120Z","R&D","V4203Y",1,1,3,3,3,2,4
"515","J444K","Ethics","W4935V",1,4,3,3,3,5,6
"516","N225A","Ethics","V1748V",3,5,5,4,5,6,6
"517","A847M","Ethics","V5401Z",3,2,4,4,4,4,NA
"518","R271B","Finance","Z4040W",4,4,5,6,6,5,6
"519","T207P","Finance","Z5440X",2,5,3,3,3,6,7
"520","Y126L","R&D","V4859W",3,2,5,4,4,4,4
"521","P230O","Finance","Z4040W",2,3,4,3,3,4,4
"522","D669M","R&D","X2508W",1,5,4,2,2,6,7
"523","E351Q","Finance","Z4040W",1,2,2,3,3,5,3
"524","P451M","Ethics","V5401Z",3,2,5,5,5,4,NA
"525","Q766V","Ethics","V5401Z",5,5,7,7,7,7,NA
"526","L986W","Finance","V1626X",4,3,6,6,6,4,NA
"527","Q851A","R&D","W6837Y",1,5,2,3,3,7,7
"528","W250C","R&D","X8503X",2,5,3,3,4,6,6
"529","R870I","Finance","Z5080X",5,2,6,6,6,4,4
"530","C349N","R&D","X8503X",3,5,4,5,5,6,6
"531","J959L","R&D","X2508W",4,3,5,6,6,5,4
"532","E666C","R&D","V4859W",3,3,5,4,4,5,5
"533","F245L","R&D","X2508W",3,4,3,5,5,5,6
"534","V760F","Ethics","V5401Z",3,4,5,3,4,5,6
"535","A637D","Finance","Z4040W",4,1,5,6,6,3,3
"536","A627Z","Health","Y9874X",1,3,3,2,3,5,4
"537","D775V","Ethics","W4935V",3,4,5,5,5,5,6
"538","N434V","R&D","V4859W",5,4,7,6,7,6,6
"539","Q710E","DSI","Y7924Z",4,3,5,5,5,5,5
"540","U319Z","Ethics","V5401Z",2,4,3,3,3,6,5
"541","W792F","R&D","V4203Y",5,2,7,7,6,4,4
"542","G157Z","Ethics","W4935V",3,2,5,4,4,3,4
"543","Q670O","Finance","V1626X",5,2,7,6,5,3,4
"544","L354H","Finance","Z5440X",5,1,7,7,7,2,2
"545","X613P","Finance","W7052V",3,3,4,4,4,5,5
"546","H914H","R&D","V4203Y",3,3,5,5,5,5,5
"547","D392M","DSI","Y7924Z",1,3,2,3,2,4,4
"548","F813E","R&D","V4859W",2,5,2,4,4,7,7
"549","E784W","R&D","X8503X",4,2,5,5,5,3,NA
"550","B838E","Finance","Z4040W",5,4,7,6,7,6,NA
"551","A969A","R&D","X8503X",5,1,6,7,6,2,2
"552","L167X","R&D","W6837Y",1,4,2,2,3,5,6
"553","L404X","Finance","Z5080X",4,4,6,5,6,6,4
"554","U786K","Finance","Z4040W",2,5,3,3,4,6,6
"555","S921F","Ethics","W4935V",1,2,3,3,3,5,3
"556","J129O","Finance","V1626X",1,3,3,2,3,4,NA
"557","O671E","Finance","Z5080X",3,5,5,5,5,7,6
"558","R761R","R&D","W6837Y",1,3,3,3,3,5,5
"559","G377J","R&D","X8503X",5,5,7,6,6,7,6
"560","Y293Q","R&D","W6837Y",3,1,4,4,5,3,3
"561","E963W","R&D","X2508W",2,3,3,4,4,5,5
"562","K372H","Health","X3361V",3,4,5,5,4,5,6
"563","M590T","Finance","V1626X",2,1,3,4,4,3,3
"564","M930M","Ethics","V1748V",4,4,5,6,7,5,6
"565","V241O","Finance","V1626X",4,5,6,5,6,6,NA
"566","T234M","Finance","Z5440X",3,3,4,3,5,5,5
"567","O869B","Finance","W7052V",1,5,2,2,2,6,7
"568","R212U","Ethics","V5401Z",1,3,3,3,3,5,5
"569","U580T","R&D","X2508W",3,5,5,5,4,7,7
"570","Q436J","R&D","X2508W",5,1,6,6,6,2,3
"571","R739Y","R&D","W6837Y",1,3,3,3,2,4,5
"572","I200K","Finance","Z5080X",3,3,4,4,3,3,6
"573","N423N","R&D","X8503X",5,4,6,7,7,5,6
"574","J644V","Ethics","V1748V",5,1,6,7,7,2,2
"575","W628H","Ethics","W4935V",2,4,4,5,4,5,5
"576","K514D","R&D","X2508W",4,2,5,6,5,4,4
"577","F465J","Health","Y9874X",1,5,2,2,2,6,6
"578","C309T","R&D","W6837Y",1,2,3,2,3,3,4
"579","E199Z","R&D","V4859W",2,5,4,3,4,7,6
"580","Z672J","Health","X3361V",4,4,5,5,5,6,6
"581","T524A","Finance","V1626X",1,1,4,3,2,3,2
"582","D744G","Finance","W7052V",2,4,4,3,4,6,5
"583","U380G","Health","Y9874X",3,4,4,4,4,5,5
"584","M313V","R&D","X2508W",5,4,7,6,6,7,NA
"585","V823M","R&D","X8503X",5,3,6,7,6,4,NA
"586","C744S","R&D","X8503X",1,2,3,2,2,3,3
"587","N287M","R&D","X2508W",3,1,5,5,5,3,2
"588","T389Y","DSI","Y7924Z",2,3,3,4,4,5,5
"589","R766K","Finance","Z5440X",5,2,7,7,7,4,NA
"590","O397I","R&D","V4203Y",4,3,6,5,6,4,5
"591","U622G","Health","V3988Z",2,5,3,4,4,7,6
"592","D615H","Finance","Z5080X",4,5,5,6,5,7,7
"593","A403N","R&D","X8503X",5,4,7,5,7,6,NA
"594","Y969S","R&D","W6837Y",5,5,6,6,7,7,6
"595","Z700B","R&D","W6837Y",5,4,6,6,7,5,7
"596","W239O","Finance","Z4040W",2,2,3,3,4,4,NA
"597","H318F","Ethics","V1748V",3,4,4,5,4,6,6
"598","J634C","R&D","V4859W",5,1,7,6,7,3,3
"599","V317Y","DSI","I511L",4,2,6,5,5,4,2
"600","V905Z","Ethics","V5401Z",2,1,3,4,3,3,3
"601","A616S","Ethics","V5401Z",5,1,5,6,6,3,2
"602","X315J","DSI","Y7924Z",3,5,4,4,4,6,6
"603","L146P","Health","X3361V",5,5,5,7,6,7,6
"604","J480F","R&D","V4203Y",4,2,7,5,5,4,5
"605","E663T","Finance","Z4040W",1,5,3,3,2,7,5
"606","O764B","Finance","Z5080X",2,3,3,4,2,4,NA
"607","X209H","R&D","X8503X",2,3,3,2,3,4,4
"608","Q604B","Finance","Z5080X",2,1,3,4,3,3,2
"609","S592K","Finance","V1626X",3,1,4,5,4,2,2
"610","J901C","R&D","X8503X",4,4,6,5,4,5,NA
"611","U847S","Health","X3361V",1,1,2,2,3,2,3
"612","R197Z","Finance","Z5440X",3,4,5,5,4,4,6
"613","T902Q","Finance","W7052V",2,1,4,3,3,2,2
"614","V848I","Health","Y9874X",2,5,4,3,4,6,7
"615","W337Z","Ethics","W4935V",3,5,4,4,5,6,6
"616","R584O","Ethics","V1748V",1,3,2,3,2,4,5
"617","Z252O","R&D","X8503X",2,4,4,3,4,6,6
"618","I446A","Finance","Z5440X",3,4,5,5,5,5,6
"619","V941L","Health","V3988Z",1,3,2,2,2,5,5
"620","S612R","R&D","W6837Y",1,3,3,3,3,5,4
"621","Z284T","R&D","W6837Y",2,4,5,4,3,6,NA
"622","V914O","DSI","I511L",3,3,4,5,5,4,2
"623","G507G","Finance","W7052V",3,5,5,4,4,7,7
"624","V487G","R&D","X8503X",1,3,2,2,2,4,6
"625","L992K","Finance","Z5440X",5,4,6,6,7,6,6
"626","J406P","R&D","V4859W",5,3,7,7,6,5,NA
"627","I295E","R&D","X2508W",1,4,2,3,2,5,5
"628","M510G","Ethics","W4935V",5,2,7,7,6,4,3
"629","O822Z","Finance","Z5440X",4,4,5,4,5,5,6
"630","U203U","Health","Y9874X",4,4,5,6,6,5,NA
"631","S708T","R&D","V4859W",5,5,7,7,7,7,NA
"632","U638H","Ethics","V5401Z",4,1,5,5,5,3,3
"633","F689U","R&D","V4859W",1,5,3,3,2,7,7
"634","F954M","R&D","X8503X",5,1,6,6,6,3,2
"635","A930S","Finance","Z5440X",3,4,4,5,4,5,NA
"636","I386F","R&D","W6837Y",2,5,3,4,3,7,7
"637","Z574S","R&D","W6837Y",5,4,7,7,6,6,NA
"638","R769R","R&D","X2508W",5,5,7,6,7,7,NA
"639","R610M","R&D","V4203Y",2,5,3,4,3,7,6
"640","E955K","R&D","W6837Y",4,4,6,6,6,6,4
"641","Y575Z","Ethics","V1748V",1,2,2,3,3,4,5
"642","X128H","R&D","V4203Y",3,3,5,5,4,4,4
"643","C980G","Finance","W7052V",4,3,5,5,6,4,4
"644","V486R","R&D","W6837Y",2,4,3,3,5,6,6
"645","N167P","Ethics","W4935V",1,4,3,3,2,5,6
"646","R751W","Ethics","W4935V",4,2,5,5,6,3,3
"647","G213Q","R&D","W6837Y",1,2,3,2,2,3,4
"648","H708N","Finance","Z4040W",2,5,3,3,4,7,NA
"649","Y600R","R&D","X2508W",3,5,4,4,5,7,7
"650","Q897K","Finance","Z5080X",1,4,3,2,3,5,5
"651","H174N","R&D","V4859W",5,3,7,6,6,5,NA
"652","P196L","R&D","X2508W",5,2,5,6,7,3,3
"653","L701P","Health","Y9874X",5,2,6,6,6,3,4
"654","W682I","Health","Y9874X",1,1,2,2,3,3,3
"655","Y836O","R&D","V4203Y",4,1,5,5,6,3,2
"656","X664E","Ethics","W4935V",2,3,3,4,4,4,NA
"657","O958Z","Finance","Z5440X",2,1,3,4,3,3,2
"658","I254O","Health","V3988Z",5,2,7,6,7,4,NA
"659","J903O","Finance","W7052V",2,4,3,4,3,5,5
"660","Z385P","R&D","V4859W",1,3,3,4,3,5,5
"661","Y405Z","Health","Y9874X",2,3,5,3,3,5,5
"662","L925K","Finance","Z4040W",5,2,6,7,7,3,NA
"663","J507L","R&D","X8503X",4,4,6,5,5,6,NA
"664","H842L","Finance","W7052V",3,4,4,4,4,6,5
"665","I921D","Finance","Z5440X",2,4,4,4,4,5,5
"666","V210L","R&D","X8503X",4,3,6,5,5,4,5
"667","J132Q","Health","Y9874X",2,4,4,4,4,6,6
"668","X353D","R&D","V4203Y",1,3,3,2,2,5,5
"669","O400D","DSI","Y7924Z",2,5,3,2,4,6,6
"670","X944Y","Finance","Z5440X",3,1,5,5,5,3,3
"671","R519Z","Finance","V1626X",4,2,6,5,6,4,4
"672","P472Q","R&D","X8503X",2,3,3,3,4,5,4
"673","N938E","R&D","V4859W",5,2,6,6,6,3,NA
"674","K680Y","Finance","Z5440X",5,4,6,7,7,5,NA
"675","N506L","Finance","W7052V",4,4,5,5,5,5,NA
"676","G313V","R&D","X8503X",1,4,2,3,3,5,6
"677","Y986L","Finance","W7052V",3,1,4,5,4,2,3
"678","O128W","Finance","W7052V",5,5,6,7,6,7,6
"679","S631T","Finance","Z4040W",5,5,6,6,6,6,NA
"680","P438Y","R&D","W6837Y",2,2,3,3,4,3,3
"681","K519M","Finance","Z5080X",3,1,5,4,4,3,4
"682","D761Y","R&D","X2508W",1,1,2,3,2,3,3
"683","V608L","Ethics","V5401Z",1,4,2,2,1,6,6
"684","G302C","Health","Y9874X",1,5,2,3,3,7,6
"685","F429V","Health","Y9874X",3,3,4,4,5,4,4
"686","I878F","R&D","X2508W",1,1,2,2,2,3,2
"687","C835C","R&D","V4203Y",3,4,5,5,5,6,6
"688","T228K","Finance","W7052V",2,4,3,3,4,5,6
"689","F549L","Health","Y9874X",5,2,7,7,6,3,4
"690","Q189W","Finance","Z4040W",1,3,3,2,3,5,5
"691","Y469R","Health","V3988Z",4,2,6,6,6,3,3
"692","I324A","R&D","X8503X",3,1,4,5,5,3,2
"693","R784F","R&D","W6837Y",2,2,4,3,4,4,4
"694","D290M","Finance","Z4040W",5,5,7,6,6,6,7
"695","O290E","Ethics","V1748V",5,2,7,7,7,4,4
"696","N797M","R&D","V4203Y",2,5,4,3,3,6,7
"697","J557O","Ethics","V5401Z",4,2,5,5,5,4,3
"698","K325O","DSI","Y7924Z",4,5,6,6,6,6,7
"699","E637M","R&D","X8503X",5,1,6,7,6,2,2
"700","M935Y","R&D","V4859W",5,3,6,7,6,5,4
"701","V520O","Finance","Z4040W",2,2,4,4,4,3,3
"702","T496N","R&D","V4203Y",3,3,4,5,4,4,5
"703","A552S","Ethics","V5401Z",4,1,5,5,4,2,2
"704","N469D","Ethics","W4935V",3,2,3,4,4,3,4
"705","D500E","R&D","X8503X",5,1,7,7,7,3,3
"706","R529O","Ethics","V5401Z",4,1,6,4,5,2,2
"707","Z196I","Ethics","W4935V",5,5,6,7,6,7,NA
"708","B821E","R&D","V4859W",3,2,4,5,5,3,5
"709","N363K","Finance","V1626X",3,2,4,4,4,4,3
"710","T266C","R&D","X2508W",2,5,3,4,4,6,6
"711","Z652F","Finance","Z5080X",2,2,3,3,4,4,3
"712","S452P","R&D","V4859W",5,4,7,6,7,6,NA
"713","R107Y","Finance","V1626X",1,1,3,2,3,3,2
"714","S603F","R&D","V4203Y",1,5,3,2,2,6,7
"715","G200J","Ethics","V1748V",4,3,5,5,6,5,5
"716","B875T","Health","Y9874X",1,3,2,3,2,4,4
"717","G114C","Finance","W7052V",1,2,2,3,3,4,4
"718","X629K","Finance","Z4040W",4,2,5,6,6,3,4
"719","F895T","R&D","W6837Y",2,2,3,3,3,4,3
"720","P675X","Finance","W7052V",1,2,2,3,3,3,4
"721","T607C","Ethics","V5401Z",4,5,6,5,6,7,6
"722","X495O","Finance","W7052V",3,3,4,4,5,4,NA
"723","J208L","R&D","X8503X",1,3,3,2,3,5,4
"724","D707L","DSI","Y7924Z",3,5,4,5,4,7,7
"725","O715Z","Finance","W7052V",1,2,3,2,2,4,3
"726","X951N","Finance","Z5080X",5,4,7,6,7,5,NA
"727","T777Y","Finance","Z5080X",5,3,6,6,7,5,4
"728","Z496N","R&D","V4203Y",4,1,5,5,5,1,3
"729","P607N","Health","V3988Z",2,5,3,3,3,7,6
"730","A202Q","R&D","X2508W",1,2,3,2,2,3,3
"731","T957P","Health","V3988Z",2,2,3,3,4,3,4
"732","D270L","Health","X3361V",1,5,3,2,4,7,7
"733","H726I","Finance","W7052V",3,1,4,5,6,2,NA
"734","N273J","R&D","V4859W",1,5,3,3,3,7,6
"735","M528D","Finance","W7052V",3,2,4,4,5,3,3
"736","K648Y","R&D","X2508W",5,5,7,7,7,6,7
"737","A408R","R&D","X8503X",4,2,6,5,5,3,4
"738","D633O","DSI","Y7924Z",4,1,6,6,5,2,3
"739","I323L","Ethics","V1748V",3,4,4,4,5,5,5
"740","W423W","Finance","Z5440X",1,5,2,2,2,7,7
"741","O338W","Health","X3361V",5,1,7,7,7,1,2
"742","Y943V","Health","X3361V",3,2,4,4,4,3,4
"743","T362O","Ethics","V1748V",4,5,6,6,6,6,7
"744","Y140P","DSI","Y7924Z",1,3,3,3,2,5,5
"745","S657W","Finance","V1626X",4,4,6,5,6,6,5
"746","P172J","Health","V3988Z",1,3,3,2,3,5,5
"747","J914O","Ethics","W4935V",1,1,2,3,2,3,2
"748","J618D","Health","V3988Z",3,4,5,5,4,5,6
"749","L413S","Ethics","V5401Z",2,1,3,4,4,2,2
"750","P376G","Health","Y9874X",2,3,4,3,3,5,4
"751","N837H","Finance","Z4040W",3,2,4,5,4,3,3
"752","J970B","R&D","V4203Y",1,4,2,2,3,5,5
"753","D176V","Ethics","W4935V",2,5,4,2,4,7,6
"754","D634V","R&D","V4859W",1,2,3,3,3,3,4
"755","F312Z","Ethics","W4935V",1,1,2,2,2,1,3
"756","F532S","R&D","W6837Y",4,4,5,4,6,6,6
"757","C772D","Finance","Z5080X",2,1,4,4,3,3,2
"758","C962T","R&D","X8503X",1,5,2,3,2,6,7
"759","U906M","Health","Y9874X",1,2,3,3,3,4,4
"760","H870Q","R&D","W6837Y",3,2,5,5,4,4,4
"761","S589D","Finance","W7052V",3,5,5,4,4,7,NA
"762","E654V","R&D","X8503X",5,2,7,7,6,4,4
"763","R522G","Finance","Z5440X",4,1,6,6,6,4,3
"764","Z287T","R&D","V4203Y",5,3,7,7,6,5,4
"765","A788E","R&D","X8503X",2,5,3,4,3,5,7
"766","Y647U","Finance","Z5440X",2,4,3,3,4,5,NA
"767","D357I","Ethics","V5401Z",4,1,6,6,5,3,3
"768","Z481P","Health","Y9874X",1,4,2,3,3,5,6
"769","D847G","Finance","Z5440X",4,2,6,5,5,3,4
"770","M297B","R&D","W6837Y",4,3,5,5,6,5,4
"771","V742Z","Finance","Z5440X",1,5,3,3,2,6,7
"772","P496G","Finance","V1626X",5,4,7,7,7,5,NA
"773","W434I","Finance","Z5440X",1,1,3,3,2,1,2
"774","R194U","Finance","W7052V",3,5,4,4,5,7,7
"775","J309M","Finance","Z5080X",4,2,4,6,5,4,4
"776","J991E","R&D","X8503X",2,2,3,4,4,4,NA
"777","I632D","Finance","Z5440X",4,1,6,6,4,1,NA
"778","J150N","Ethics","V1748V",3,5,4,4,4,7,7
"779","Q988V","Health","X3361V",3,3,4,5,4,4,5
"780","L474V","Health","Y9874X",1,1,3,3,2,3,2
"781","H172A","Finance","Z5080X",2,2,4,4,3,3,4
"782","H549R","R&D","W6837Y",3,3,5,5,5,4,5
"783","D871O","Ethics","W4935V",1,3,2,4,3,5,4
"784","P331P","R&D","V4203Y",3,5,4,5,3,6,7
"785","W407J","R&D","X2508W",2,5,3,4,3,7,6
"786","A803L","Finance","Z5080X",3,3,5,5,5,4,5
"787","U369W","Health","X3361V",4,2,6,6,6,3,4
"788","B783O","Ethics","V5401Z",4,2,5,5,5,3,3
"789","L364C","R&D","V4859W",1,5,2,2,2,6,6
"790","Z697C","Ethics","V1748V",5,3,7,7,6,4,NA
"791","V261Y","Ethics","V5401Z",3,5,4,4,5,6,NA
"792","U440H","Finance","V1626X",4,4,4,6,6,4,5
"793","C138B","Health","X3361V",2,3,4,3,3,5,4
"794","J795Q","Health","V3988Z",1,1,3,2,3,2,2
"795","T981T","R&D","V4859W",3,3,5,5,4,4,5
"796","U419R","Ethics","V5401Z",4,2,5,5,5,4,4
"797","U136A","Finance","V1626X",4,2,5,5,5,3,4
"798","R901J","Ethics","W4935V",4,2,5,4,5,2,4
"799","W836E","Ethics","V5401Z",2,3,3,3,2,4,4
"800","G684Q","Finance","Z5440X",5,2,6,6,6,3,NA
"801","V358W","R&D","X2508W",2,3,3,4,3,5,4
"802","F598V","DSI","I511L",1,3,2,2,2,5,2
"803","I530K","Finance","Z4040W",2,4,4,4,3,5,NA
"804","A160L","Finance","Z5440X",1,4,2,2,3,5,6
"805","L864I","Ethics","V5401Z",4,4,5,6,5,5,5
"806","R637Y","DSI","Y7924Z",4,5,5,6,6,7,NA
"807","Q282R","Finance","Z5440X",2,1,3,4,3,3,2
"808","O577K","Finance","V1626X",5,3,6,6,7,5,5
"809","J817O","Ethics","V1748V",1,3,3,2,3,5,4
"810","M862Z","R&D","X2508W",4,1,6,6,6,3,3
"811","S355S","DSI","Y7924Z",1,5,2,3,3,7,6
"812","J979W","Finance","V1626X",4,4,5,6,6,6,5
"813","G990V","Finance","Z5440X",4,3,5,5,5,4,3
"814","N509A","Finance","V1626X",3,1,4,4,5,3,2
"815","W914L","Finance","Z5440X",5,3,7,7,7,5,5
"816","R687E","Finance","Z5440X",5,3,6,6,7,4,3
"817","J646Y","R&D","V4203Y",4,1,5,6,6,2,3
"818","O172I","Ethics","V1748V",2,4,4,4,4,6,5
"819","M331R","Finance","Z5080X",2,1,3,4,3,2,1
"820","O351L","Finance","Z5440X",3,4,5,4,4,5,NA
"821","J546N","Health","V3988Z",1,2,2,2,2,3,4
"822","R515C","R&D","X2508W",1,4,3,3,2,5,6
"823","D603H","R&D","V4859W",5,1,7,6,6,3,NA
"824","I879T","Finance","Z5440X",1,1,2,3,1,2,2
"825","S194Y","Health","Y9874X",1,3,2,2,2,5,5
"826","Z458W","R&D","X2508W",5,1,6,6,6,3,3
"827","Z348W","R&D","W6837Y",1,4,2,3,2,5,6
"828","Y295R","Finance","Z5440X",2,3,4,3,3,4,4
"829","L501H","Ethics","W4935V",1,3,2,3,2,4,4
"830","A470U","Finance","Z5440X",1,4,2,3,2,5,6
"831","S640E","Health","Y9874X",1,1,2,3,2,1,3
"832","S910F","Finance","Z5440X",4,3,5,5,6,5,5
"833","G678U","Finance","W7052V",1,3,3,3,3,4,5
"834","D538U","Health","Y9874X",5,1,7,6,6,3,2
"835","X781S","Finance","V1626X",1,5,3,3,2,6,7
"836","V101D","Finance","Z5080X",3,2,5,5,4,4,4
"837","G541N","Ethics","V5401Z",4,1,6,5,6,2,2
"838","Y157U","R&D","X2508W",4,4,5,6,6,6,6
"839","F375U","R&D","X2508W",1,5,3,2,3,6,7
"840","G237Y","Finance","Z5440X",4,5,6,6,5,6,6
"841","N373N","Ethics","W4935V",3,1,4,5,4,2,1
"842","G446Q","R&D","X8503X",4,3,5,5,6,5,4
"843","L140Z","Finance","Z5440X",3,4,5,5,4,6,6
"844","K609L","Ethics","W4935V",3,1,4,4,5,3,3
"845","S417X","Ethics","V1748V",5,1,6,7,6,2,2
"846","F686A","R&D","W6837Y",5,5,6,6,6,6,6
"847","T136T","Ethics","V5401Z",1,2,2,3,3,4,3
"848","Y140M","R&D","W6837Y",3,4,4,4,5,6,5
"849","U573L","Finance","V1626X",1,4,3,2,2,6,6
"850","R277M","Finance","Z4040W",3,4,4,5,5,6,5
"851","F445L","Health","V3988Z",1,3,2,3,3,4,5
"852","V380M","Finance","V1626X",2,2,3,4,3,4,4
"853","V960I","Ethics","V5401Z",4,5,5,6,4,6,5
"854","K645H","R&D","W6837Y",5,1,6,6,7,3,NA
"855","Z956Q","R&D","W6837Y",3,2,4,4,5,4,3
"856","R817P","R&D","X2508W",1,5,3,3,2,7,7
"857","C409G","Ethics","W4935V",5,2,6,7,6,4,4
"858","O614M","Ethics","W4935V",4,1,6,5,6,3,3
"859","H908N","R&D","X8503X",2,1,4,4,4,3,2
"860","S499N","Finance","Z4040W",5,4,6,7,6,6,5
"861","R564A","Finance","W7052V",5,5,6,6,6,6,7
"862","W797Z","Finance","Z4040W",3,1,5,4,4,2,1
"863","Q351T","R&D","W6837Y",2,4,4,3,4,6,5
"864","A724J","Finance","V1626X",3,3,5,5,5,5,5
"865","O120X","DSI","Y7924Z",1,1,2,2,2,3,2
"866","Q898F","R&D","V4859W",2,2,4,4,4,4,4
"867","V909C","R&D","W6837Y",1,2,2,2,4,3,4
"868","M853K","Finance","Z5440X",1,5,3,3,3,7,NA
"869","D645S","Finance","Z5440X",2,1,3,4,4,2,NA
"870","K975J","Health","X3361V",3,2,4,5,5,5,4
"871","E820U","Finance","Z5080X",4,5,6,6,6,7,6
"872","Y161E","Health","Y9874X",5,5,7,7,7,5,NA
"873","W688J","Finance","Z5440X",5,1,7,6,7,2,3
"874","L293J","R&D","X8503X",1,1,2,3,2,2,3
"875","P524A","R&D","V4203Y",3,4,4,4,5,6,5
"876","F524I","Finance","Z5440X",3,2,5,5,5,4,3
"877","A346S","Finance","V1626X",4,3,7,7,6,5,5
"878","J570F","Health","Y9874X",4,4,6,5,5,6,5
"879","A275T","R&D","X2508W",2,1,3,3,4,3,3
"880","Z726K","Ethics","V5401Z",3,4,4,4,4,6,NA
"881","Q260O","R&D","X2508W",5,2,6,7,6,4,3
"882","R490R","R&D","X2508W",5,2,7,7,6,4,3
"883","X518X","Health","X3361V",5,5,7,7,6,7,7
"884","R745A","R&D","X2508W",2,4,4,4,4,5,6
"885","L457O","Finance","Z5440X",2,3,4,4,3,4,4
"886","A539B","R&D","V4203Y",3,4,4,5,5,6,NA
"887","O504H","R&D","X2508W",4,4,5,5,6,5,NA
"888","L653K","R&D","X8503X",5,1,7,6,7,2,3
"889","Q770U","Finance","Z5440X",4,3,5,4,5,5,5
"890","R698O","Finance","Z4040W",2,3,3,3,4,5,4
"891","O118W","R&D","X8503X",3,4,4,4,5,6,5
"892","H266F","Finance","Z5440X",5,3,6,7,6,4,5
"893","G240C","Finance","V1626X",2,4,4,4,4,5,5
"894","K651K","R&D","X2508W",2,4,4,3,3,4,4
"895","T157N","Ethics","V1748V",3,4,4,4,4,6,6
"896","E559R","R&D","V4859W",1,5,2,1,3,5,6
"897","B791C","Finance","V1626X",4,4,6,6,6,4,6
"898","Q393E","Finance","V1626X",1,1,2,4,2,3,3
"899","F820D","Health","X3361V",4,4,6,5,5,6,6
"900","C641T","Finance","Z5080X",3,3,4,4,5,5,4
"901","D396B","Health","V3988Z",5,2,6,5,7,3,NA
"902","P304S","R&D","V4859W",4,3,6,6,6,4,4
"903","B940H","R&D","V4203Y",3,2,4,5,4,4,3
"904","M780X","R&D","X8503X",3,4,5,4,5,5,5
"905","N513D","R&D","V4203Y",4,4,6,6,6,5,6
"906","A452M","Ethics","V1748V",3,4,5,5,5,6,6
"907","U730R","R&D","W6837Y",2,1,4,3,2,2,1
"908","X468J","R&D","X2508W",4,4,5,6,5,6,4
"909","R708K","Finance","W7052V",3,5,4,5,4,6,6
"910","K328P","Ethics","W4935V",1,5,2,3,2,6,5
"911","W504G","R&D","V4859W",3,4,5,5,5,6,NA
"912","T841B","R&D","V4203Y",5,2,7,7,6,4,4
"913","G270V","Ethics","W4935V",4,1,5,6,5,3,2
"914","B170M","Finance","Z5440X",4,4,5,5,5,5,6
"915","S872D","Finance","V1626X",1,3,3,3,2,4,4
"916","L882D","Finance","V1626X",1,2,2,2,3,4,3
"917","E185J","R&D","W6837Y",5,2,7,6,7,3,NA
"918","B177T","Finance","Z4040W",2,2,4,4,3,3,4
"919","S140N","R&D","X2508W",3,2,5,4,4,3,4
"920","O160S","Ethics","W4935V",3,4,4,5,5,5,5
"921","O679N","Ethics","V5401Z",2,5,4,4,4,6,6
"922","K233U","Health","Y9874X",1,4,3,3,3,5,5
"923","X571L","Health","X3361V",1,3,1,3,3,3,4
"924","V622M","R&D","V4203Y",3,5,4,4,4,6,6
"925","L728A","Finance","W7052V",3,5,4,4,4,6,7
"926","U224Y","Health","X3361V",3,2,4,4,5,4,4
"927","Y169D","Finance","Z5080X",1,5,2,2,2,6,7
"928","E906V","R&D","V4203Y",4,1,6,5,5,3,NA
"929","J842J","R&D","V4203Y",5,5,6,7,6,6,NA
"930","I497I","R&D","X8503X",5,2,7,6,6,3,3
"931","P923J","R&D","V4203Y",3,4,4,4,5,6,5
"932","Y490M","Finance","Z4040W",2,1,4,4,4,3,2
"933","E326D","R&D","V4859W",3,3,4,5,5,4,5
"934","E147P","Health","V3988Z",4,5,6,6,6,7,NA
"935","H530R","Finance","W7052V",1,4,2,3,2,5,5
"936","Y428F","R&D","X2508W",1,4,2,2,3,5,5
"937","S754P","Health","Y9874X",1,1,3,2,2,2,3
"938","S560Z","Ethics","V5401Z",4,1,6,5,5,3,2
"939","R595V","Finance","Z4040W",3,3,5,4,5,5,5
"940","H958O","R&D","V4203Y",2,5,4,4,3,6,6
"941","T520B","Finance","Z4040W",5,2,6,6,6,4,3
"942","H259T","R&D","X8503X",1,5,2,2,2,6,7
"943","Z918O","Finance","W7052V",5,3,7,6,6,4,5
"944","J860F","Ethics","V5401Z",1,2,2,3,3,4,NA
"945","Q595A","Health","Y9874X",1,4,2,2,2,5,5
"946","V822Z","Finance","Z5440X",1,3,3,4,2,4,5
"947","C418K","Finance","W7052V",5,2,7,6,6,4,3
"948","U515F","Health","Y9874X",3,4,5,4,4,6,NA
"949","A153Z","Finance","V1626X",3,5,4,4,5,6,NA
"950","Z179G","Finance","Z5080X",1,4,4,3,2,6,6
"951","G371R","R&D","X8503X",1,1,2,3,2,2,3
"952","F384W","Finance","V1626X",2,5,4,3,4,5,6
"953","M292X","Finance","Z5440X",5,2,6,7,7,3,3
"954","O392J","Ethics","V1748V",3,5,5,4,4,6,6
"955","Z257E","R&D","X2508W",1,3,3,4,2,5,4
"956","H660L","R&D","X8503X",5,5,6,6,7,7,NA
"957","K730G","Finance","Z5080X",3,3,4,4,4,4,5
"958","G788K","R&D","X8503X",1,1,2,4,2,2,2
"959","E584U","R&D","X8503X",5,1,6,6,7,4,2
"960","L891D","R&D","X2508W",1,4,3,2,3,5,5
"961","X851A","Finance","W7052V",5,1,7,7,6,2,3
"962","J117L","Ethics","W4935V",4,1,5,6,6,2,2
"963","C857M","DSI","Y7924Z",5,5,7,6,7,7,7
"964","H886J","R&D","V4859W",3,3,5,6,5,4,4
"965","K937D","Health","V3988Z",2,5,3,2,3,6,6
"966","G359Q","R&D","X8503X",1,2,3,2,2,3,3
"967","F331O","Health","V3988Z",4,4,5,6,6,5,6
"968","W727R","Finance","W7052V",2,1,3,4,4,3,3
"969","J937E","DSI","Y7924Z",3,2,5,4,4,3,4
"970","B781T","Finance","V1626X",1,2,2,2,2,3,3
"971","Z754E","Ethics","V1748V",1,5,3,2,3,6,7
"972","D540Q","R&D","V4859W",5,4,6,7,7,6,NA
"973","B126M","Finance","Z5080X",1,2,3,2,2,4,3
"974","B649O","Finance","W7052V",5,3,6,7,7,4,5
"975","W856C","Health","Y9874X",5,2,6,6,7,5,4
"976","B899G","R&D","X2508W",3,2,5,5,4,4,5
"977","H659D","R&D","X8503X",5,1,6,7,6,2,3
"978","D564O","Finance","Z5080X",2,5,5,4,4,6,6
"979","B137Q","Ethics","V1748V",1,3,3,3,2,4,5
"980","N579R","Finance","W7052V",5,5,6,6,7,7,7
"981","H965O","R&D","V4859W",1,5,2,2,2,6,6
"982","J113G","R&D","W6837Y",2,4,4,3,3,5,6
"983","C636K","Ethics","V5401Z",5,4,7,7,6,6,NA
"984","P311B","Ethics","V5401Z",3,1,4,4,4,2,2
"985","N681Y","Finance","Z4040W",1,4,2,2,2,5,4
"986","O770Q","R&D","W6837Y",1,2,3,2,4,4,3
"987","T780Y","Finance","V1626X",2,3,3,4,4,4,4
"988","I676L","Finance","V1626X",1,5,2,2,2,7,7
"989","C860L","R&D","X2508W",2,1,4,3,4,3,3
"990","N432G","Finance","Z4040W",1,3,2,2,2,4,5
"991","T783Q","R&D","X8503X",2,2,4,4,4,2,3
"992","G121M","Finance","V1626X",2,2,4,3,4,3,3
"993","J661O","Finance","Z5440X",5,1,7,7,7,2,2
"994","D767U","Finance","W7052V",4,2,6,6,6,4,4
"995","R839M","Ethics","V1748V",5,5,7,6,6,6,6
"996","R759O","R&D","V4859W",3,4,4,5,4,5,6
"997","R114Q","R&D","X8503X",4,1,5,5,5,3,3
"998","O760L","Health","Y9874X",4,3,6,5,5,4,4
"999","A631K","R&D","V4859W",1,2,2,3,2,3,4
"1000","H722I","Health","X3361V",2,4,3,4,3,5,5
"1001","K408P","Finance","Z5080X",4,4,6,6,5,5,5
"1002","Y758K","Finance","W7052V",1,4,3,3,2,6,5
"1003","G960L","Finance","W7052V",1,3,2,3,2,5,5
"1004","T604B","Finance","Z5080X",1,2,3,2,3,3,2
"1005","O782V","R&D","W6837Y",2,3,3,4,4,4,6
"1006","Q504V","Health","Y9874X",3,4,4,5,5,5,6
"1007","B123R","R&D","X2508W",2,3,3,4,3,4,5
"1008","V692R","R&D","V4859W",4,2,6,5,6,4,3
"1009","A207O","Health","V3988Z",3,1,5,5,5,3,2
"1010","W887K","DSI","Y7924Z",4,5,5,5,5,6,6
"1011","I706M","Finance","Z5080X",3,4,5,4,4,5,6
"1012","Y709M","R&D","X2508W",2,2,4,4,4,4,3
"1013","D711A","R&D","V4203Y",5,4,6,6,6,5,5
"1014","S174V","Health","X3361V",5,2,6,7,7,3,NA
"1015","H686U","Finance","Z4040W",4,1,5,5,5,2,2
"1016","V633C","Ethics","W4935V",4,3,6,5,5,5,4
"1017","F197J","Ethics","V1748V",2,5,4,4,4,7,NA
"1018","F404M","Finance","Z5440X",2,1,3,4,4,3,3
"1019","K227Q","R&D","X8503X",1,1,3,2,2,2,2
"1020","R732P","R&D","V4859W",2,2,3,4,3,3,4
"1021","M205Z","Ethics","V5401Z",5,1,7,7,7,2,NA
"1022","P939A","Health","V3988Z",3,4,5,4,4,5,6
"1023","E725K","R&D","V4203Y",3,2,5,4,5,4,4
"1024","L303Y","Health","X3361V",2,3,3,4,4,5,5
"1025","D232U","Finance","Z5080X",1,4,3,2,3,5,5
"1026","U604W","R&D","V4203Y",4,2,5,6,6,4,3
"1027","J923B","DSI","Y7924Z",2,4,4,3,4,6,5
"1028","H352C","R&D","V4859W",4,5,6,7,6,7,NA
"1029","J331F","Health","V3988Z",4,1,6,5,5,3,3
"1030","O284G","Finance","Z4040W",3,5,5,4,5,7,6
"1031","R784N","Finance","Z4040W",4,5,5,6,7,6,6
"1032","C137Z","Health","Y9874X",2,3,2,4,3,5,5
"1033","D593W","R&D","X8503X",4,1,6,5,6,3,3
"1034","Z135Q","Health","X3361V",5,3,6,7,7,3,4
"1035","A542O","Finance","W7052V",2,5,4,3,4,7,7
"1036","S237G","R&D","X2508W",2,2,4,3,4,3,4
"1037","H670Y","Health","V3988Z",5,1,6,7,6,3,3
"1038","T682P","R&D","X2508W",3,4,4,3,5,6,5
"1039","A106H","Finance","Z5440X",4,4,7,6,5,6,5
"1040","O665R","Health","V3988Z",4,4,6,6,5,5,6
"1041","J142V","Finance","W7052V",2,3,3,4,5,5,5
"1042","A401X","Ethics","V5401Z",2,2,4,4,4,3,3
"1043","B212K","Ethics","V5401Z",2,5,4,4,4,6,6
"1044","V921R","Health","V3988Z",5,5,7,7,7,6,6
"1045","B342O","R&D","X8503X",5,4,7,7,6,6,5
"1046","K583U","Finance","W7052V",1,4,3,2,3,5,6
"1047","J771L","R&D","W6837Y",5,5,7,7,7,7,NA
"1048","U383E","Finance","W7052V",5,4,7,7,6,6,NA
"1049","D585U","Health","V3988Z",4,2,6,5,6,3,4
"1050","M145U","Ethics","V5401Z",5,1,6,6,6,2,NA
"1051","T178Y","Health","V3988Z",1,3,2,3,2,4,4
"1052","P417P","R&D","W6837Y",2,2,4,3,4,3,NA
"1053","U763I","Ethics","V5401Z",1,1,2,3,2,2,3
"1054","C855M","Finance","W7052V",1,3,2,3,3,4,5
"1055","V371A","Health","X3361V",5,2,7,6,6,4,3
"1056","P898S","Finance","Z5440X",4,3,6,6,5,4,4
"1057","W471L","R&D","V4859W",3,5,4,6,4,7,7
"1058","O730K","DSI","Y7924Z",3,1,4,4,4,2,3
"1059","J348N","Finance","W7052V",5,4,7,7,7,5,5
"1060","R430S","R&D","V4859W",4,4,6,6,5,6,6
"1061","G565H","Health","V3988Z",5,4,6,6,5,6,NA
"1062","P759C","Finance","Z5440X",5,2,6,6,7,4,4
"1063","O382F","R&D","W6837Y",3,2,4,4,5,3,3
"1064","P969B","Finance","Z5080X",4,3,4,6,4,5,4
"1065","D712B","R&D","V4203Y",1,2,2,2,3,3,3
"1066","P473E","Health","X3361V",5,3,7,6,6,4,5
"1067","V224V","Health","V3988Z",2,4,4,3,4,6,5
"1068","G352G","Finance","Z4040W",5,4,6,6,7,6,NA
"1069","B205H","R&D","X2508W",5,1,7,7,7,2,NA
"1070","R495D","R&D","X8503X",5,4,7,6,6,5,5
"1071","H429W","Finance","W7052V",5,5,6,7,7,7,NA
"1072","R740T","Health","V3988Z",2,4,4,2,4,6,6
"1073","V201V","R&D","X2508W",5,3,5,6,7,5,NA
"1074","E665E","Ethics","V5401Z",5,2,6,6,6,4,3
"1075","Q413U","Health","V3988Z",5,5,6,6,7,7,6
"1076","E428P","R&D","X8503X",3,4,5,5,4,5,6
"1077","I453S","R&D","X8503X",2,3,4,2,3,5,4
"1078","Y666C","R&D","V4203Y",3,5,4,4,5,6,NA
"1079","J788N","Health","V3988Z",4,1,5,5,5,3,2
"1080","Z276W","R&D","V4203Y",1,1,3,3,3,3,3
"1081","B236C","R&D","W6837Y",2,4,3,3,3,5,5
"1082","P813K","R&D","V4203Y",3,5,5,4,4,6,6
"1083","P896R","Finance","V1626X",5,2,7,7,7,4,4
"1084","A677D","Ethics","V5401Z",4,1,6,6,6,1,NA
"1085","U839X","Health","X3361V",1,4,2,3,3,5,6
"1086","E224E","Ethics","V5401Z",1,3,3,3,2,5,4
"1087","L393E","Ethics","V5401Z",5,5,6,7,6,7,6
"1088","R999N","DSI","Y7924Z",5,3,7,6,6,5,4
"1089","M172R","Finance","V1626X",5,2,6,7,7,4,NA
"1090","A611V","DSI","I511L",2,5,4,3,2,7,4
"1091","E184B","Ethics","V5401Z",4,1,5,6,5,3,2
"1092","W355O","Health","X3361V",3,5,5,4,4,7,7
"1093","I357Z","R&D","V4203Y",5,5,6,5,7,7,NA
"1094","G509Z","R&D","V4203Y",1,4,2,3,3,6,6
"1095","C340N","Finance","W7052V",2,3,3,5,3,5,5
"1096","J626Q","R&D","X8503X",1,4,3,3,2,6,5
"1097","Z781Z","Health","V3988Z",2,5,3,3,4,7,NA
"1098","G836H","Health","Y9874X",2,4,3,4,4,5,6
"1099","A583U","R&D","V4859W",1,3,3,2,3,4,5
"1100","H208W","DSI","Y7924Z",4,4,4,6,5,6,NA
"1101","B675I","R&D","X2508W",1,1,3,3,2,2,3
"1102","S642K","Health","Y9874X",3,4,4,4,5,6,6
"1103","F475P","R&D","V4859W",2,4,3,4,4,5,6
"1104","V933R","R&D","X2508W",3,4,4,4,5,5,5
"1105","X632O","Finance","V1626X",2,3,3,4,2,5,4
"1106","S790K","DSI","Y7924Z",2,5,3,3,4,6,6
"1107","O662F","Finance","Z4040W",2,4,3,3,4,6,6
"1108","P787R","DSI","Y7924Z",5,4,7,7,6,5,5
"1109","E194F","Finance","Z5440X",5,3,6,7,7,4,4
"1110","X767S","Finance","Z4040W",2,4,4,4,3,5,6
"1111","J666Q","Finance","Z5080X",2,3,4,4,4,4,5
"1112","Z344N","Finance","Z4040W",4,4,5,5,6,5,6
"1113","H573A","R&D","W6837Y",5,1,7,7,6,2,2
"1114","E510E","Finance","Z5440X",2,2,3,3,3,3,3
"1115","Q572M","Health","V3988Z",5,4,6,6,7,5,6
"1116","D857E","R&D","X2508W",4,3,6,5,6,4,5
"1117","P115L","Finance","Z4040W",4,3,5,6,5,4,5
"1118","D977B","Finance","V1626X",5,5,6,7,6,6,6
"1119","C656L","Finance","Z5080X",3,5,4,4,5,6,7
"1120","K203C","Finance","W7052V",3,1,4,5,5,3,2
"1121","S725Y","Finance","W7052V",4,2,6,5,5,4,4
"1122","U162J","Health","V3988Z",2,3,4,4,3,4,4
"1123","R715E","Finance","W7052V",5,2,6,6,7,3,4
"1124","I281W","Health","X3361V",3,3,5,4,3,6,5
"1125","S772F","R&D","X8503X",1,3,2,1,2,6,4
"1126","Z515S","R&D","W6837Y",4,4,6,6,7,5,6
"1127","Z374X","R&D","X2508W",1,2,3,3,2,3,4
"1128","L524Q","Finance","Z4040W",4,1,5,6,5,3,3
"1129","S999X","Health","Y9874X",3,1,4,3,5,3,3
"1130","N364A","DSI","I511L",2,3,4,3,4,4,2
"1131","O974A","Health","X3361V",5,4,7,6,6,6,5
"1132","E183N","Finance","V1626X",1,2,3,2,3,4,3
"1133","W449B","Ethics","W4935V",3,5,5,5,5,6,6
"1134","W575H","Finance","Z5440X",4,2,6,5,5,4,3
"1135","B818D","Ethics","V5401Z",3,5,5,5,5,6,6
"1136","U835A","Finance","Z5440X",4,4,6,5,5,5,5
"1137","Z637U","Ethics","V5401Z",1,2,3,2,2,2,3
"1138","J471C","Ethics","V1748V",4,4,5,5,5,6,5
"1139","L725G","Finance","Z5080X",2,2,3,4,4,3,4
"1140","F667X","Finance","V1626X",2,3,3,4,3,4,4
"1141","S549D","Health","X3361V",2,1,4,4,4,3,3
"1142","H463H","Health","X3361V",3,4,4,4,4,5,6
"1143","H375C","Finance","Z4040W",5,3,7,7,7,5,5
"1144","F381L","R&D","X2508W",5,3,6,7,6,4,5
"1145","T815N","DSI","Y7924Z",1,3,2,3,2,3,5
"1146","M559Y","Finance","W7052V",5,1,6,6,7,2,3
"1147","R142C","R&D","V4203Y",5,2,7,6,7,3,3
"1148","B751D","Finance","Z5080X",3,1,5,6,4,3,3
"1149","F623T","R&D","X2508W",1,4,2,3,3,6,6
"1150","U733E","Ethics","V5401Z",5,4,7,6,7,5,NA
"1151","Q594E","Finance","W7052V",2,2,3,3,3,3,4
"1152","R678Z","Finance","Z4040W",5,3,5,7,7,4,4
"1153","B675U","DSI","Y7924Z",1,5,2,4,2,7,5
"1154","Z285A","R&D","W6837Y",1,3,2,2,3,4,4
"1155","Q658H","R&D","V4203Y",3,3,4,4,4,4,5
"1156","I972K","Finance","Z4040W",4,1,5,5,5,3,3
"1157","F939B","DSI","Y7924Z",3,3,5,5,4,6,5
"1158","H458A","Finance","Z5440X",2,4,3,3,5,6,6
"1159","F318I","R&D","V4859W",3,3,5,5,5,5,4
"1160","U941Q","R&D","X2508W",4,4,5,6,6,6,6
"1161","R990J","R&D","V4859W",1,3,2,3,3,5,5
"1162","F211T","Finance","Z5080X",5,1,6,6,7,2,3
"1163","Q732N","Ethics","V1748V",2,1,3,3,4,3,2
"1164","T344I","Finance","W7052V",1,4,2,3,3,6,6
"1165","E747L","R&D","X8503X",1,2,3,3,2,3,3
"1166","Z985L","R&D","V4859W",4,5,6,5,6,6,NA
"1167","F802A","R&D","X8503X",2,4,4,4,3,6,NA
"1168","N433U","Finance","W7052V",4,2,6,6,6,3,4
"1169","Q963I","R&D","X8503X",4,2,5,5,6,4,NA
"1170","Q144N","DSI","I511L",2,4,4,4,4,5,3
"1171","W213Z","Finance","Z5080X",2,3,4,3,4,4,5
"1172","C567X","DSI","Y7924Z",5,5,7,7,7,7,6
"1173","S215V","R&D","V4859W",2,1,4,3,4,2,2
"1174","N901E","R&D","X8503X",4,3,6,6,5,5,4
"1175","N988U","Health","X3361V",2,5,4,4,3,7,7
"1176","N791A","Finance","W7052V",2,5,4,4,3,6,6
"1177","D568T","DSI","Y7924Z",3,5,4,5,5,6,6
"1178","H826R","R&D","X2508W",2,1,4,3,3,3,2
"1179","X306J","Ethics","V5401Z",1,2,2,2,2,3,4
"1180","Q738F","Ethics","W4935V",3,1,5,4,5,2,2
"1181","D743O","Finance","Z5440X",5,5,7,6,6,6,7
"1182","W472K","Ethics","V1748V",3,5,5,4,5,6,6
"1183","P242W","Health","V3988Z",1,5,2,2,2,6,7
"1184","N202M","Finance","Z5440X",3,4,5,5,5,5,5
"1185","V574E","R&D","X8503X",5,2,6,7,7,4,4
"1186","S481J","Health","Y9874X",1,3,3,3,3,5,4
"1187","J749N","Health","Y9874X",4,1,5,4,6,3,3
"1188","V903G","R&D","X8503X",2,2,4,3,3,4,3
"1189","M518G","R&D","V4203Y",4,1,6,5,5,3,2
"1190","R136V","Health","Y9874X",2,4,4,3,4,5,5
"1191","T997V","R&D","V4203Y",4,2,6,5,5,4,3
"1192","G137I","R&D","W6837Y",4,5,6,5,6,7,7
"1193","R164O","Finance","W7052V",5,1,7,7,7,3,2
"1194","C260T","Finance","Z4040W",1,3,2,2,2,5,5
"1195","S607Q","R&D","V4859W",5,3,7,6,7,4,4
"1196","W755K","R&D","X8503X",2,5,3,4,3,7,7
"1197","T101E","Finance","Z4040W",4,5,5,6,6,7,NA
"1198","C110O","Finance","Z4040W",5,3,7,6,7,3,4
"1199","U527H","R&D","X8503X",4,2,5,5,6,3,3
"1200","W645X","Ethics","V5401Z",3,3,5,4,5,4,4
"1201","A248T","R&D","W6837Y",1,5,2,2,2,6,6
"1202","Y490B","Ethics","V1748V",5,5,7,6,6,6,7
"1203","D561B","R&D","X2508W",3,1,4,4,4,3,2
"1204","F326P","R&D","X8503X",1,2,2,2,3,3,3
"1205","J165O","Ethics","W4935V",5,5,7,7,6,6,7
"1206","H801H","Health","X3361V",2,2,3,4,3,4,3
"1207","Q255O","R&D","V4859W",5,5,7,6,6,6,NA
"1208","G103K","Finance","Z5080X",4,2,6,6,5,4,3
"1209","C540C","Health","X3361V",5,5,7,7,7,6,NA
"1210","S431F","Finance","Z5440X",5,4,6,6,7,6,5
"1211","O505X","R&D","V4859W",5,4,6,6,7,6,NA
"1212","C451D","R&D","V4203Y",1,3,3,3,3,4,5
"1213","J829Z","Finance","Z5080X",5,5,7,7,7,6,NA
"1214","V121N","Health","X3361V",1,2,2,2,3,4,3
"1215","J981T","Finance","V1626X",2,2,4,3,5,4,3
"1216","Z687Z","Finance","Z5080X",4,1,5,5,6,2,3
"1217","Y391U","Finance","Z5440X",2,5,4,3,4,6,6
"1218","N577J","R&D","V4203Y",3,3,4,5,5,4,5
"1219","E832V","R&D","X2508W",2,5,3,3,4,7,7
"1220","Q618X","DSI","I511L",2,4,3,4,4,5,3
"1221","Q202U","Finance","Z4040W",4,1,5,6,5,2,3
"1222","J716P","DSI","Y7924Z",3,5,5,4,5,7,6
"1223","L139A","Health","Y9874X",2,3,4,4,3,4,4
"1224","J504V","R&D","W6837Y",5,4,7,6,7,6,6
"1225","D633K","R&D","V4859W",3,4,4,5,4,5,5
"1226","P414I","R&D","V4859W",2,1,4,4,4,3,2
"1227","S271O","Finance","Z4040W",5,5,7,6,6,7,7
"1228","U571P","DSI","Y7924Z",1,2,2,3,3,4,3
"1229","G821L","R&D","W6837Y",2,4,3,4,4,6,NA
"1230","U221Q","Health","X3361V",5,4,7,7,7,6,NA
"1231","T348Z","Ethics","W4935V",1,5,4,2,2,7,7
"1232","M628Q","Health","Y9874X",5,5,6,6,7,6,7
"1233","K926I","Finance","W7052V",5,5,6,5,6,6,NA
"1234","G660F","Finance","Z4040W",2,2,4,3,3,3,2
"1235","F878H","Finance","Z5440X",5,1,7,6,7,3,3
"1236","E436I","R&D","V4859W",1,5,2,3,2,6,7
"1237","N189H","Health","Y9874X",4,5,6,6,5,6,7
"1238","N745S","Finance","Z5080X",3,2,4,4,4,4,3
"1239","S379S","Finance","W7052V",4,3,6,5,5,4,NA
"1240","P965O","Finance","Z4040W",2,3,4,4,5,5,5
"1241","B311T","Finance","Z5080X",4,5,6,5,6,7,6
"1242","S131R","R&D","W6837Y",2,2,3,3,3,4,4
"1243","N295O","R&D","V4859W",5,5,6,6,6,6,6
"1244","F709T","Ethics","V1748V",4,4,5,5,5,5,6
"1245","V369E","Finance","Z4040W",1,4,2,3,2,5,5
"1246","X996U","Ethics","V5401Z",4,1,4,5,6,2,NA
"1247","X169W","Finance","Z5440X",5,5,6,6,6,7,7
"1248","C194M","Finance","V1626X",1,3,3,3,3,5,4
"1249","P517U","Ethics","W4935V",3,1,4,4,4,3,2
"1250","J634E","R&D","W6837Y",4,4,6,6,6,5,6
"1251","M656L","Finance","Z5080X",4,3,6,5,5,5,5
"1252","L217H","Finance","Z4040W",5,2,6,6,6,4,4
"1253","A117X","Ethics","W4935V",1,1,3,2,3,2,2
"1254","F569E","Finance","Z5080X",4,1,6,5,6,3,3
"1255","J172N","R&D","V4203Y",1,2,2,3,2,5,4
"1256","G769W","Finance","Z4040W",2,3,4,3,3,4,3
"1257","B356C","DSI","Y7924Z",1,3,2,3,2,4,5
"1258","D871Q","Finance","Z5440X",5,2,7,6,7,3,3
"1259","L271M","Finance","V1626X",4,5,5,6,6,7,NA
"1260","S900E","Finance","Z5080X",2,4,3,4,3,6,5
"1261","U136H","R&D","X8503X",4,1,5,5,5,4,3
"1262","Y948E","R&D","W6837Y",2,3,3,4,3,5,4
"1263","G833F","Finance","W7052V",2,3,3,4,3,5,5
"1264","S838X","R&D","W6837Y",5,5,6,6,6,6,7
"1265","U684X","Health","V3988Z",1,4,3,2,3,5,6
"1266","A609Z","R&D","V4203Y",5,2,7,7,7,3,3
"1267","O673Q","R&D","X8503X",5,2,7,7,7,4,3
"1268","E145E","R&D","X2508W",2,4,4,4,3,5,5
"1269","X328D","R&D","X2508W",4,5,5,7,6,7,NA
"1270","B293R","Finance","Z4040W",5,2,7,5,6,4,3
"1271","F378E","DSI","Y7924Z",1,2,3,1,2,3,4
"1272","W320L","Finance","Z5080X",3,3,4,5,5,4,4
"1273","W469W","Health","Y9874X",5,5,6,6,7,7,NA
"1274","V789O","Health","Y9874X",1,1,2,2,2,3,2
"1275","P756S","DSI","I511L",5,5,7,7,6,6,NA
"1276","P782Y","Finance","Z5440X",5,2,6,6,7,4,NA
"1277","X214U","Health","X3361V",5,2,7,6,6,4,2
"1278","K996K","Ethics","V5401Z",5,3,6,7,6,5,5
"1279","A416E","Finance","Z5440X",5,2,6,7,7,4,4
"1280","W885T","DSI","Y7924Z",5,2,6,7,7,4,4
"1281","M929L","Finance","V1626X",3,3,4,4,4,4,5
"1282","I807F","Health","X3361V",4,1,5,6,5,1,NA
"1283","O947A","Finance","V1626X",5,1,7,7,6,2,2
"1284","O950J","Health","X3361V",3,2,4,4,5,3,3
"1285","I723O","R&D","W6837Y",5,3,7,7,7,5,6
"1286","E367C","Finance","V1626X",2,5,3,4,4,6,6
"1287","Z392I","R&D","W6837Y",1,1,3,2,3,2,3
"1288","N930Y","Finance","V1626X",2,2,4,3,3,4,4
"1289","M170Q","Finance","Z5080X",1,3,2,3,2,3,4
"1290","X477B","R&D","X8503X",2,4,4,3,4,5,6
"1291","H227U","Ethics","W4935V",3,2,5,4,5,4,2
"1292","Y799F","Health","X3361V",5,4,6,7,6,5,NA
"1293","C911E","Ethics","V1748V",1,1,3,2,2,2,3
"1294","X654C","Health","Y9874X",1,3,2,3,2,4,4
"1295","B265S","Health","V3988Z",2,1,4,4,3,2,3
"1296","W133T","R&D","X8503X",4,5,5,5,6,7,7
"1297","A161R","Finance","W7052V",5,4,6,6,7,6,NA
"1298","U450S","Finance","Z4040W",2,2,3,3,3,4,4
"1299","R755E","R&D","V4203Y",1,5,3,3,3,7,6
"1300","K172N","Finance","Z4040W",3,5,5,5,5,7,6
"1301","R997T","Ethics","W4935V",5,4,7,6,6,6,NA
"1302","H497R","Health","Y9874X",2,2,3,4,3,4,3
"1303","F794A","R&D","V4859W",2,4,4,3,4,6,5
"1304","Q681O","Ethics","V1748V",1,5,3,2,1,6,6
"1305","H194I","Finance","Z4040W",1,3,3,4,2,5,4
"1306","R481E","R&D","V4859W",2,4,3,4,3,7,5
"1307","C450D","Health","V3988Z",3,3,4,4,4,5,4
"1308","C926M","R&D","W6837Y",5,3,6,6,7,5,NA
"1309","V378W","Finance","Z5080X",2,4,3,3,3,5,6
"1310","N454C","Health","X3361V",5,5,7,6,6,7,NA
"1311","B762I","DSI","Y7924Z",2,5,3,4,3,6,7
"1312","F420U","Finance","W7052V",4,3,6,5,6,4,NA
"1313","B102F","Finance","Z5440X",2,1,3,4,4,3,3
"1314","X637N","Finance","Z5440X",5,5,6,6,7,6,6
"1315","Z172D","R&D","V4203Y",4,1,6,6,6,3,3
"1316","E905A","Ethics","W4935V",2,1,3,4,4,3,2
"1317","V795Y","Finance","V1626X",3,3,5,5,4,5,5
"1318","V146F","Finance","Z5080X",3,2,5,4,4,4,4
"1319","R683O","Finance","W7052V",5,4,7,7,6,6,6
"1320","W776V","DSI","Y7924Z",4,4,5,6,6,5,5
"1321","E858J","R&D","V4859W",1,4,2,2,2,6,6
"1322","T616X","R&D","X8503X",3,3,4,5,4,4,5
"1323","Y952N","DSI","Y7924Z",3,4,5,5,5,6,6
"1324","W359Q","Ethics","V5401Z",4,3,6,5,6,5,5
"1325","H154R","R&D","X8503X",1,3,3,2,4,5,4
"1326","L388A","Health","X3361V",3,5,6,5,5,7,7
"1327","P672U","Ethics","W4935V",2,3,3,5,3,5,5
"1328","A635R","Finance","Z5080X",1,5,2,3,2,7,7
"1329","W956F","Finance","V1626X",2,2,3,3,4,4,NA
"1330","U108Z","Ethics","W4935V",2,5,4,3,3,7,NA
"1331","X952F","R&D","V4203Y",1,3,2,2,2,4,5
"1332","W192D","R&D","X2508W",4,3,5,6,6,5,5
"1333","X603T","R&D","V4203Y",2,2,3,3,4,4,3
"1334","Z317F","Ethics","V1748V",4,4,5,5,6,6,NA
"1335","M309R","R&D","X8503X",1,3,3,3,2,4,NA
"1336","D677S","Finance","W7052V",1,2,2,2,2,4,4
"1337","C325V","Finance","Z4040W",2,2,3,3,4,4,3
"1338","C435W","R&D","X2508W",1,2,3,2,3,3,4
"1339","K232F","Finance","Z5080X",4,3,5,5,4,4,4
"1340","C962F","DSI","Y7924Z",3,3,5,4,4,5,4
"1341","Y105P","DSI","Y7924Z",3,5,4,5,5,7,7
"1342","O294F","Ethics","V5401Z",2,1,4,4,3,2,3
"1343","G770R","R&D","X8503X",5,3,6,7,6,4,4
"1344","H813M","Ethics","V1748V",3,4,4,5,4,6,6
"1345","S851T","Finance","V1626X",3,5,4,4,4,6,NA
"1346","V878C","Finance","W7052V",2,3,3,3,4,5,4
"1347","T140C","Ethics","V1748V",3,1,4,5,5,2,2
"1348","Z797N","Finance","V1626X",1,2,2,2,3,4,3
"1349","N185M","Finance","Z4040W",2,1,4,3,3,3,2
"1350","U415Y","Ethics","W4935V",2,3,3,3,3,5,5
"1351","R940B","Finance","Z5080X",2,4,4,3,4,5,5
"1352","J657D","Finance","Z5080X",3,3,5,4,5,5,4
"1353","W522D","R&D","V4859W",2,5,4,3,4,7,7
"1354","O504T","Health","V3988Z",2,3,3,4,3,4,4
"1355","N106J","DSI","Y7924Z",3,5,5,4,5,7,6
"1356","W518A","Ethics","V5401Z",2,4,4,3,3,5,5
"1357","H701A","R&D","V4859W",2,2,3,3,4,5,3
"1358","T738U","R&D","V4203Y",2,1,4,3,4,3,2
"1359","W995Y","R&D","X2508W",2,3,3,4,4,4,5
"1360","R200Y","Finance","Z5440X",3,1,5,4,5,2,2
"1361","I896E","Finance","Z4040W",3,3,4,4,4,4,5
"1362","J203P","Finance","Z5080X",2,4,3,4,4,5,6
"1363","X842G","R&D","W6837Y",4,2,6,6,5,4,4
"1364","D148J","Ethics","V5401Z",5,1,7,6,7,3,3
"1365","S348B","Finance","Z5080X",2,2,4,3,3,4,3
"1366","L953G","Finance","Z5080X",3,3,5,4,5,4,3
"1367","V519N","Health","V3988Z",3,5,4,4,5,6,7
"1368","P785Z","Finance","V1626X",4,4,5,6,6,6,5
"1369","S370A","R&D","V4859W",1,5,2,3,2,7,7
"1370","H731F","Health","V3988Z",5,3,7,7,6,5,5
"1371","K836H","R&D","V4859W",5,3,7,6,6,4,4
"1372","N875K","R&D","X2508W",4,5,6,5,5,7,NA
"1373","J802D","Health","V3988Z",3,3,4,5,4,5,6
"1374","B406J","Health","X3361V",1,4,2,2,3,6,6
"1375","R506X","R&D","X8503X",2,4,3,4,3,5,5
"1376","F938C","Finance","Z5080X",2,1,4,4,3,2,3
"1377","T787O","R&D","X2508W",5,2,6,6,7,4,3
"1378","E106F","Ethics","V1748V",1,5,2,2,2,7,7
"1379","O978D","Health","X3361V",2,5,4,3,3,7,NA
"1380","V631O","Finance","Z4040W",3,3,5,4,5,5,5
"1381","K611K","R&D","V4203Y",4,2,5,6,6,4,3
"1382","P620S","R&D","V4859W",3,2,4,5,4,4,3
"1383","J499O","R&D","X8503X",5,4,7,7,7,6,NA
"1384","Y531L","R&D","W6837Y",5,3,7,7,7,5,5
