"daysEmployed","department","education","salary","daysAbsent","gender"
276,"CS","post grad",86404.2696005349,2,"male"
199,"CS","post grad",96665.5793454088,2,"male"
296,"Marketing","bachelor",76886.1595834415,4,"male"
261,"CS","post grad",84800.1842123406,5,"female"
299,"CS","post grad",95061.4939572146,4,"female"
229,"Marketing","bachelor",75282.0741952473,3,"female"
169,"CS","post grad",106050.716520137,7,"female"
224,"IT","high school",89460.0513978602,0,"female"
249,"CS","high school",78506.3460191701,3,"female"
240,"CS","bachelor",81267.9972319048,2,"female"
290,"Marketing","post grad",59139.8574333291,10,"female"
344,"Marketing","post grad",70815.3246620905,2,"female"
285,"HR","post grad",89310.7719718451,0,"male"
294,"CS","post grad",80033.1307227598,5,"female"
365,"CS","post grad",99027.3133926542,5,"male"
332,"Marketing","post grad",94741.8337393048,2,"female"
195,"Marketing","post grad",87078.8474328473,4,"female"
259,"IT","post grad",87706.6865836509,6,"female"
257,"CS","post grad",82470.4263217751,4,"female"
248,"Marketing","post grad",97423.2280044599,3,"female"
225,"Marketing","high school",90085.2514541715,3,"female"
266,"Marketing","bachelor",86261.3323114587,8,"female"
306,"Marketing","bachelor",95692.8023621153,2,"female"
260,"CS","post grad",85625.1945414427,2,"female"
123,"Marketing","post grad",82514.9954158188,8,"male"
311,"Marketing","bachelor",87552.4761196653,13,"female"
326,"IT","high school",63634.8251266609,6,"male"
262,"CS","bachelor",67465.6107153391,4,"female"
203,"Marketing","bachelor",79521.2883007239,5,"male"
213,"CS","post grad",95695.3664865489,3,"male"
262,"Marketing","post grad",75505.341339599,2,"female"
234,"Marketing","bachelor",77879.4168305279,2,"female"
317,"Marketing","post grad",100239.361102621,3,"male"
284,"CS","post grad",100068.289037996,6,"male"
259,"Marketing","post grad",86033.2612567076,1,"female"
301,"IT","high school",80910.9100276245,2,"female"
192,"Marketing","post grad",79860.2329460207,6,"female"
300,"CS","post grad",88831.4079827405,5,"male"
243,"CS","bachelor",62030.7397384666,3,"female"
258,"Marketing","bachelor",80203.3510619652,3,"female"
242,"CS","bachelor",77917.2029125297,5,"female"
271,"Marketing","post grad",94091.2810983547,4,"female"
224,"Marketing","post grad",89630.8056718726,2,"female"
160,"HR","post grad",100062.297800047,5,"male"
276,"CS","post grad",78394.8998164018,2,"female"
364,"CS","bachelor",98635.2757144264,8,"female"
192,"CS","bachelor",78311.7608636106,6,"male"
235,"Marketing","bachelor",98464.2036498016,4,"female"
272,"CS","post grad",102839.877330458,8,"male"
233,"IT","post grad",86983.6309120463,2,"male"
305,"CS","post grad",92516.2815392895,4,"male"
241,"CS","bachelor",92751.4600580611,2,"female"
246,"CS","bachelor",79022.554339392,7,"male"
244,"CS","post grad",64095.2947766662,4,"female"
279,"Marketing","bachelor",94325.0055568293,5,"female"
185,"CS","bachelor",79723.980646483,7,"male"
172,"Marketing","post grad",87227.3225945462,3,"female"
225,"Marketing","bachelor",73193.2780139935,0,"female"
158,"CS","post grad",77365.7736361329,11,"female"
275,"CS","post grad",85510.2097476975,3,"male"
227,"CS","bachelor",79821.9070866624,1,"female"
169,"IT","post grad",85294.4488276734,1,"female"
115,"CS","bachelor",75726.3643121173,7,"male"
207,"CS","post grad",93592.6028131158,3,"female"
251,"CS","post grad",97367.2780858047,6,"male"
228,"Marketing","bachelor",98458.2124118529,5,"female"
222,"CS","post grad",101398.07095118,3,"male"
317,"HR","high school",92914.5258430878,6,"female"
259,"Marketing","bachelor",79258.26357644,0,"female"
199,"CS","post grad",87726.3081962518,2,"male"
272,"CS","post grad",76707.6754754164,9,"female"
278,"Marketing","high school",67042.2565402926,2,"male"
214,"CS","post grad",74957.1884246798,2,"female"
225,"Marketing","post grad",101235.791942264,6,"female"
299,"CS","bachelor",85379.545523852,5,"female"
306,"CS","bachelor",90912.1961510952,9,"female"
197,"CS","post grad",72681.1404803254,7,"female"
287,"CS","post grad",91175.2596482993,6,"male"
213,"IT","bachelor",77001.5846341329,5,"male"
229,"CS","post grad",77418.4689511977,3,"female"
305,"Marketing","bachelor",90631.6240514938,6,"female"
213,"CS","high school",73950.1265628683,4,"female"
245,"CS","bachelor",78119.8952582888,6,"female"
329,"CS","post grad",94937.8991142653,6,"male"
245,"CS","post grad",100787.964266389,1,"male"
171,"Marketing","post grad",83492.4989952675,8,"male"
266,"CS","post grad",88960.5274388138,4,"female"
295,"CS","post grad",78917.4119931922,3,"female"
230,"Marketing","post grad",89208.9260282142,9,"male"
333,"CS","bachelor",88343.2858762054,3,"female"
234,"Marketing","post grad",83906.1243595032,0,"female"
196,"Marketing","bachelor",74919.4734597702,5,"female"
181,"Marketing","post grad",84325.1233786801,4,"female"
186,"CS","post grad",86894.1854252037,6,"male"
235,"IT","post grad",74122.278923923,3,"female"
216,"CS","bachelor",78144.4909287279,0,"male"
282,"CS","post grad",89460.1932860508,5,"female"
187,"CS","high school",95763.1926976104,7,"female"
244,"CS","post grad",95766.5114184332,1,"male"
252,"Marketing","post grad",77137.1275838551,0,"female"
311,"Marketing","post grad",102710.062178991,6,"male"
183,"CS","high school",99793.9855629857,4,"female"
290,"Marketing","bachelor",64916.3431039674,5,"female"
210,"CS","high school",64125.5026723645,1,"male"
298,"CS","post grad",94074.6555275116,6,"male"
256,"CS","post grad",77611.0790089822,2,"female"
301,"CS","post grad",83755.6322912226,1,"male"
168,"CS","post grad",83435.7651403859,5,"male"
271,"Marketing","post grad",86122.2228080575,6,"female"
267,"CS","bachelor",101446.740097378,7,"female"
242,"CS","post grad",65438.1711520983,0,"female"
212,"CS","post grad",97883.3593875532,6,"female"
200,"CS","post grad",100571.533365137,5,"female"
243,"HR","high school",77294.5065455444,3,"female"
212,"Marketing","bachelor",77952.3187917092,2,"male"
276,"CS","post grad",74774.134648423,6,"female"
250,"CS","high school",83618.0529412248,3,"female"
339,"CS","high school",89571.1742601051,4,"female"
365,"CS","post grad",75397.4992459386,8,"female"
328,"Marketing","post grad",87086.9061281187,5,"female"
153,"Marketing","bachelor",76718.2588489996,0,"female"
258,"CS","post grad",87278.1343459876,4,"male"
204,"HR","post grad",68662.0289957877,6,"female"
335,"CS","high school",71323.9662177319,3,"male"
238,"CS","post grad",74087.4079816247,4,"female"
251,"Marketing","post grad",93333.813726071,1,"female"
198,"CS","post grad",99183.8788781948,3,"female"
220,"Marketing","post grad",81888.4136070733,6,"female"
297,"CS","post grad",85361.696134398,6,"female"
297,"IT","high school",85282.4610475222,2,"female"
294,"CS","post grad",87604.8406400199,3,"female"
270,"CS","post grad",73859.0769106576,3,"female"
145,"Marketing","post grad",93154.3193903465,5,"male"
315,"CS","post grad",86758.5414815655,0,"male"
250,"CS","post grad",93376.8150071655,0,"female"
269,"CS","bachelor",80613.6655586007,1,"female"
194,"Marketing","post grad",90528.2827304058,0,"female"
194,"CS","post grad",85290.1000370094,0,"female"
260,"CS","post grad",81373.3101698268,10,"female"
307,"Marketing","post grad",76540.4055405336,1,"female"
201,"CS","post grad",83016.1050602279,6,"male"
250,"Marketing","post grad",85997.9620354802,7,"male"
238,"CS","post grad",85406.3342456131,8,"female"
299,"CS","bachelor",65769.9700362259,0,"female"
244,"CS","post grad",94162.426030239,2,"female"
299,"IT","bachelor",88790.7148723443,0,"female"
245,"Marketing","post grad",101105.976790797,7,"female"
173,"CS","post grad",93280.5271261407,7,"male"
116,"CS","post grad",71443.4318334116,2,"female"
306,"Marketing","post grad",78686.0528141689,2,"female"
208,"Marketing","bachelor",62521.4172841702,4,"female"
261,"CS","post grad",92470.5701393174,2,"female"
262,"CS","high school",83043.5312313888,7,"female"
292,"Marketing","bachelor",81579.9239526139,0,"male"
300,"Marketing","post grad",82151.5469030283,1,"female"
156,"CS","post grad",81831.6797521916,8,"female"
252,"Marketing","bachelor",91637.0802433208,8,"female"
259,"CS","post grad",87449.7875858939,0,"male"
273,"CS","high school",78406.8532367483,1,"female"
326,"CS","post grad",104241.098041719,0,"male"
255,"CS","post grad",81475.1111297514,6,"female"
207,"CS","high school",80942.3835847214,4,"female"
221,"IT","post grad",87184.8508870448,4,"male"
233,"CS","bachelor",103788.534051384,10,"female"
256,"IT","bachelor",67240.6314435379,6,"female"
190,"CS","post grad",76348.233403515,1,"female"
313,"Marketing","post grad",85735.4056809553,4,"female"
335,"CS","high school",72213.4077584817,6,"female"
213,"Marketing","post grad",70017.7598594063,5,"female"
247,"Marketing","high school",89082.5450738645,5,"female"
233,"CS","post grad",93931.5743926241,7,"female"
220,"Marketing","post grad",85386.9434247245,1,"male"
260,"Marketing","bachelor",77749.1884121297,4,"male"
196,"HR","post grad",78700.5983756413,6,"female"
161,"Marketing","bachelor",85674.0489577934,4,"female"
199,"CS","post grad",87041.9311825864,11,"female"
243,"HR","bachelor",69719.8808295377,3,"female"
168,"CS","high school",71739.9848914625,3,"male"
324,"Marketing","high school",96307.0506150732,1,"female"
221,"CS","post grad",90510.2877854623,4,"female"
246,"CS","post grad",89407.9094128758,1,"female"
262,"Marketing","high school",102621.186152268,2,"female"
309,"CS","post grad",88985.9955821539,8,"male"
221,"CS","bachelor",85931.4428490168,2,"female"
286,"Marketing","bachelor",77008.3311239279,2,"male"
269,"Marketing","post grad",72146.0637744171,5,"female"
267,"Marketing","post grad",92252.159997505,7,"female"
309,"Marketing","post grad",83290.1514138089,3,"female"
186,"CS","bachelor",91550.2340021522,7,"female"
232,"CS","high school",68156.716174099,0,"male"
221,"CS","post grad",85154.4560933712,2,"female"
243,"HR","post grad",84411.2737070731,0,"female"
207,"CS","bachelor",77873.1415639525,4,"female"
258,"CS","high school",71739.680732227,5,"male"
277,"IT","post grad",82514.4145363838,4,"female"
190,"CS","post grad",90849.1694008203,8,"female"
268,"Marketing","high school",71641.2910215578,3,"male"
274,"CS","bachelor",84457.0583193615,2,"female"
247,"CS","high school",72808.9976113087,6,"male"
232,"Marketing","post grad",104819.041442078,5,"female"
130,"Marketing","post grad",81412.0196720336,2,"female"
267,"CS","post grad",91465.6233099693,2,"male"
341,"Marketing","post grad",84393.876647286,5,"female"
269,"CS","post grad",81509.0289967891,11,"female"
266,"CS","post grad",74620.8909543075,4,"female"
214,"Marketing","post grad",97162.4347982543,0,"male"
249,"CS","post grad",83876.2505398383,3,"female"
288,"Marketing","post grad",80005.7383251828,3,"female"
216,"CS","post grad",95219.6040379761,9,"female"
298,"Marketing","post grad",91676.4417379465,11,"female"
250,"Marketing","post grad",93093.8703747616,8,"male"
248,"Marketing","post grad",99500.0583190521,3,"female"
177,"Marketing","post grad",88642.0846004174,2,"female"
239,"CS","high school",77801.6444451458,4,"female"
292,"CS","post grad",98786.6584517726,6,"female"
204,"CS","high school",70056.5947493152,4,"male"
221,"CS","bachelor",67082.7259130607,2,"female"
168,"Marketing","post grad",79975.8385644196,2,"female"
161,"HR","post grad",98851.8529308549,4,"male"
296,"Marketing","high school",72311.5673304437,4,"male"
236,"CS","bachelor",91483.7291078846,7,"female"
280,"CS","post grad",100866.830743978,1,"male"
315,"CS","post grad",85177.3271242075,1,"female"
194,"CS","post grad",77748.1192660839,3,"female"
364,"CS","post grad",92478.1032274929,0,"male"
365,"CS","post grad",84119.0487267106,4,"male"
165,"CS","bachelor",85845.7021976997,6,"female"
307,"CS","bachelor",71920.6611385595,0,"female"
248,"CS","post grad",85501.0419305173,9,"male"
150,"CS","post grad",93492.0034590147,5,"male"
310,"CS","post grad",102637.012653525,7,"female"
289,"Marketing","post grad",96958.3200968909,7,"female"
247,"CS","post grad",70202.415292926,8,"female"
211,"Marketing","bachelor",85580.7654988505,2,"female"
282,"Marketing","bachelor",77500.2655087746,3,"male"
263,"CS","bachelor",78482.2674157778,1,"male"
254,"Marketing","post grad",77160.8334361756,2,"female"
264,"Marketing","post grad",80314.555934426,3,"female"
252,"HR","bachelor",100705.688222967,0,"female"
248,"Marketing","high school",97521.9639779354,6,"female"
157,"IT","bachelor",64244.3868918937,0,"female"
129,"Marketing","high school",73515.8048428922,4,"male"
247,"Marketing","bachelor",93629.1735734871,3,"female"
229,"CS","post grad",94696.0002142853,8,"male"
262,"Marketing","bachelor",65988.826825769,8,"female"
269,"Marketing","post grad",88233.8375357924,3,"female"
175,"Marketing","post grad",85612.5286206208,3,"male"
289,"Marketing","high school",83782.8580365302,1,"female"
252,"CS","bachelor",76145.1030239354,4,"female"
224,"CS","bachelor",80737.7260517144,5,"male"
197,"CS","post grad",95949.8265642282,4,"female"
320,"CS","bachelor",75409.3012642091,1,"female"
185,"CS","post grad",82040.6809718965,6,"female"
304,"CS","post grad",76384.1111860301,0,"female"
280,"CS","bachelor",81931.1065101127,5,"male"
233,"CS","post grad",106194.303292395,1,"male"
227,"Marketing","post grad",70135.8995032683,1,"female"
234,"Marketing","post grad",71948.2599066331,4,"female"
155,"Marketing","post grad",127749.046729342,3,"female"
254,"CS","high school",88118.1851423388,0,"female"
222,"CS","post grad",102780.531117511,7,"male"
236,"CS","high school",60745.0211797232,10,"male"
320,"CS","post grad",68674.4011612795,4,"female"
247,"CS","post grad",87381.9101939596,0,"female"
276,"Marketing","bachelor",78836.618506704,6,"male"
244,"IT","post grad",75165.6242025179,8,"female"
221,"CS","post grad",75404.2457357337,0,"female"
322,"CS","post grad",82822.2349201359,6,"female"
216,"CS","bachelor",81269.4511855432,1,"male"
300,"Marketing","post grad",103488.410543351,0,"male"
164,"Marketing","high school",72726.0178386135,5,"male"
229,"Marketing","post grad",102124.628305278,0,"female"
296,"HR","post grad",82694.3465392058,1,"female"
248,"CS","post grad",80736.7277837138,8,"female"
210,"CS","high school",66552.6307859047,5,"female"
200,"IT","bachelor",77288.8845199396,4,"male"
230,"CS","bachelor",79310.231321049,0,"male"
165,"IT","bachelor",85574.377485427,1,"female"
198,"CS","post grad",89348.2110994812,4,"female"
269,"CS","post grad",76164.7132342052,4,"female"
228,"Marketing","high school",70135.5953440328,3,"female"
279,"Marketing","bachelor",81407.5299064369,6,"male"
186,"CS","bachelor",82143.223560879,0,"female"
297,"Marketing","post grad",85047.7969647436,0,"female"
195,"IT","post grad",70037.2056333635,3,"female"
311,"Marketing","post grad",73812.1317915596,4,"female"
183,"CS","post grad",71204.9122231144,3,"female"
195,"CS","post grad",89201.1342737869,7,"female"
225,"CS","post grad",89215.9602740363,7,"male"
294,"CS","bachelor",93843.4123496886,4,"female"
313,"CS","post grad",82478.1169319851,1,"male"
176,"Marketing","post grad",89861.5379217751,0,"female"
308,"Marketing","post grad",97600.5353070412,0,"female"
216,"Marketing","post grad",82257.7620828422,0,"female"
200,"CS","post grad",81073.4333369603,6,"female"
274,"Marketing","post grad",95558.34941006,7,"female"
222,"Marketing","bachelor",75901.7537202599,2,"male"
225,"CS","high school",72959.3407973043,5,"male"
248,"CS","post grad",88344.4703354619,8,"female"
226,"Marketing","post grad",98237.3175602754,4,"male"
264,"CS","bachelor",88536.6067465631,1,"female"
365,"IT","post grad",82493.3793971512,4,"female"
195,"Marketing","bachelor",92667.8441944384,8,"female"
340,"HR","bachelor",91489.7849865673,4,"female"
290,"Marketing","bachelor",77143.2305915748,3,"male"
288,"CS","bachelor",84885.0804096929,3,"female"
255,"CS","bachelor",81245.1264318752,6,"male"
144,"CS","high school",88223.595365745,6,"female"
201,"CS","bachelor",80069.8987314948,2,"male"
301,"CS","post grad",57931.7992332692,8,"female"
343,"CS","post grad",116921.548871496,7,"male"
306,"CS","bachelor",78483.9537256097,2,"male"
281,"CS","post grad",83473.184709005,0,"female"
275,"CS","post grad",68452.5093611209,6,"female"
147,"CS","post grad",77189.8883977315,3,"female"
223,"CS","post grad",85135.6762163741,0,"male"
294,"CS","post grad",89301.7374743913,1,"female"
191,"CS","post grad",82469.8881003461,2,"male"
188,"CS","post grad",97247.7675426606,8,"female"
280,"Marketing","post grad",70707.4819422494,6,"female"
276,"Marketing","post grad",80011.903344574,3,"female"
111,"IT","bachelor",99262.7453557837,6,"female"
232,"CS","post grad",87228.729967529,1,"female"
181,"Marketing","post grad",88481.9440594021,0,"male"
249,"Marketing","bachelor",77159.6656787218,1,"male"
219,"CS","post grad",98315.8849519575,0,"female"
187,"IT","post grad",90874.0178392986,13,"female"
295,"CS","post grad",83751.6658274987,1,"male"
275,"Marketing","post grad",82569.7662313467,9,"male"
221,"Marketing","post grad",82514.9633385163,6,"female"
250,"CS","post grad",79103.3013935517,1,"female"
259,"Marketing","post grad",77171.3733943434,4,"female"
228,"Marketing","post grad",92224.4581600311,7,"male"
187,"CS","post grad",83896.9565423231,6,"female"
248,"Marketing","post grad",88935.3910090266,1,"male"
176,"Marketing","post grad",91887.9180708204,5,"female"
241,"CS","post grad",81271.2374453087,1,"female"
288,"CS","post grad",87990.2416293631,4,"male"
228,"Marketing","post grad",94239.056877047,3,"female"
294,"CS","high school",81770.0835882372,3,"female"
296,"Marketing","post grad",77946.7546743213,8,"female"
244,"HR","bachelor",75896.1801205803,3,"female"
207,"Marketing","bachelor",80330.0605920069,2,"male"
232,"Marketing","bachelor",76878.1820275836,2,"female"
163,"CS","post grad",93087.7015172757,2,"female"
298,"CS","post grad",89334.2389107177,4,"female"
312,"Marketing","post grad",77131.1434868888,1,"female"
179,"CS","post grad",67273.3769224255,3,"female"
333,"Marketing","high school",78966.7750064585,0,"female"
158,"Marketing","high school",71911.719454698,2,"female"
232,"Marketing","bachelor",78228.3599574245,2,"male"
212,"CS","post grad",76866.4014618883,5,"female"
197,"Marketing","bachelor",93091.914826091,2,"female"
265,"CS","post grad",78755.9513458997,7,"female"
257,"CS","post grad",95664.6566720095,6,"female"
294,"CS","high school",84008.4432324266,3,"female"
250,"CS","post grad",67365.5021488798,2,"female"
364,"Marketing","bachelor",74307.4177008658,4,"female"
187,"CS","post grad",79133.6406635201,5,"female"
230,"Marketing","bachelor",90861.5822110989,3,"female"
275,"Marketing","post grad",77094.9088364597,4,"female"
277,"CS","bachelor",92317.9387925131,8,"female"
227,"Marketing","bachelor",78332.5769021299,0,"male"
193,"Marketing","post grad",93672.3669147581,5,"female"
236,"Marketing","post grad",100951.639602812,6,"male"
197,"CS","post grad",86703.5784963737,1,"male"
192,"CS","post grad",80327.0211219185,5,"female"
237,"CS","post grad",104590.217904201,4,"female"
227,"IT","post grad",88137.2088713694,2,"female"
319,"CS","post grad",87157.2158411691,0,"male"
313,"CS","post grad",88977.083157174,7,"female"
252,"CS","bachelor",100727.3149799,8,"female"
234,"CS","bachelor",61343.3534886166,0,"female"
168,"Marketing","high school",101176.445729317,1,"female"
209,"CS","post grad",59140.9357915289,2,"female"
159,"CS","post grad",82702.0205662782,5,"female"
204,"CS","high school",87121.8661065821,4,"female"
246,"Marketing","post grad",77232.5331185097,0,"female"
223,"CS","post grad",84368.383633905,3,"female"
236,"Marketing","post grad",91377.8597336504,2,"male"
280,"CS","post grad",93996.3058021395,0,"female"
251,"Marketing","bachelor",85006.315185897,6,"female"
181,"Marketing","high school",73425.0449725273,4,"male"
223,"CS","high school",79665.3657973489,0,"female"
258,"Marketing","post grad",101884.325155157,3,"female"
272,"CS","post grad",71121.9324504192,0,"female"
261,"HR","bachelor",77096.6860376993,3,"male"
300,"CS","post grad",83100.4857591896,4,"female"
224,"CS","post grad",87545.3088858239,2,"male"
239,"Marketing","high school",87987.6252330814,7,"female"
240,"CS","post grad",82812.5455799669,4,"female"
192,"CS","bachelor",75670.075381781,8,"male"
211,"Marketing","bachelor",77632.6174680903,6,"male"
338,"CS","high school",66137.5002340657,3,"female"
187,"CS","bachelor",81370.564726376,5,"male"
295,"CS","bachelor",78731.1995160047,9,"male"
365,"CS","post grad",87988.9885632814,0,"male"
158,"CS","high school",67179.2911866561,4,"male"
210,"Marketing","post grad",75684.7991317453,2,"female"
256,"CS","post grad",77706.1459328547,6,"female"
236,"Marketing","post grad",77458.3470413915,2,"female"
259,"CS","post grad",92365.6611375851,3,"female"
241,"HR","post grad",94721.5896233523,9,"male"
240,"Marketing","post grad",82646.8754319867,3,"male"
266,"CS","bachelor",83178.9846094664,2,"female"
210,"HR","post grad",68518.0530462591,5,"female"
287,"CS","post grad",92730.8901683999,5,"male"
273,"CS","bachelor",79803.4445182426,9,"female"
234,"Marketing","bachelor",80703.8855865941,5,"male"
210,"CS","bachelor",79501.919706287,3,"female"
345,"Marketing","post grad",87863.2473818049,0,"female"
217,"CS","high school",72699.7169691752,2,"male"
283,"CS","post grad",84579.5558315969,2,"female"
295,"Marketing","post grad",92202.3614291402,6,"female"
175,"CS","post grad",88848.4424614647,5,"male"
219,"Marketing","post grad",99661.7531287423,7,"male"
231,"IT","post grad",94950.2836927828,4,"female"
324,"Marketing","post grad",91953.2239714013,6,"female"
171,"CS","bachelor",87611.8748858421,2,"female"
197,"Marketing","post grad",84028.6384191064,2,"male"
265,"Marketing","post grad",79398.5109413613,2,"female"
290,"Marketing","high school",80874.0315437908,3,"female"
265,"Marketing","post grad",94865.0176819466,3,"male"
172,"CS","post grad",84531.1710169484,8,"female"
313,"CS","bachelor",76708.4150383502,0,"male"
189,"CS","post grad",105100.885268515,6,"male"
284,"Marketing","post grad",103014.953220214,7,"male"
266,"Marketing","high school",66174.2524844056,3,"male"
191,"CS","high school",90112.5069651429,11,"female"
199,"IT","post grad",97468.6036167482,6,"female"
246,"CS","post grad",82801.9691904663,6,"female"
310,"CS","high school",73439.5271842039,11,"male"
302,"HR","bachelor",78837.7090692922,6,"male"
284,"CS","post grad",84904.4007526626,1,"female"
251,"CS","post grad",85407.1526208652,2,"male"
307,"Marketing","post grad",86150.3822005447,7,"male"
348,"CS","bachelor",74297.6683320657,2,"female"
228,"CS","post grad",71355.25540911,2,"female"
273,"CS","high school",90343.179821207,10,"female"
292,"Marketing","post grad",95300.1100966012,7,"male"
198,"CS","bachelor",96633.2321720812,7,"female"
253,"HR","bachelor",76357.3467741728,3,"female"
268,"Marketing","bachelor",87072.7215974408,8,"female"
227,"Marketing","post grad",94950.8173717415,2,"male"
226,"CS","post grad",76614.0917244422,5,"female"
283,"Marketing","post grad",86025.1015389853,5,"male"
289,"CS","post grad",75686.2633720194,3,"female"
365,"CS","post grad",75539.1452033805,6,"female"
152,"CS","post grad",75492.5628824537,5,"female"
170,"CS","high school",65875.1056783966,0,"male"
317,"CS","post grad",79641.0410436809,8,"female"
276,"Marketing","post grad",86821.3683332406,6,"male"
225,"CS","bachelor",67676.7697297519,5,"female"
222,"Marketing","post grad",78465.8133433006,4,"female"
258,"IT","bachelor",88229.8061598851,5,"female"
229,"Marketing","post grad",84629.1134303174,7,"male"
180,"CS","bachelor",81726.6949799118,4,"male"
232,"CS","high school",115317.463483301,3,"female"
286,"CS","post grad",87083.0342214886,4,"male"
281,"Marketing","post grad",90786.732934633,6,"male"
321,"Marketing","post grad",89241.8956986967,3,"male"
275,"CS","post grad",76879.8683374154,11,"female"
297,"HR","bachelor",93165.2973017281,3,"female"
215,"Marketing","post grad",108493.945388798,7,"female"
292,"Marketing","bachelor",79166.3951398051,2,"male"
313,"CS","bachelor",82381.3747788311,4,"male"
264,"CS","high school",84124.0116899668,6,"female"
254,"CS","post grad",83531.5908281798,6,"female"
246,"CS","post grad",88264.7159536561,1,"male"
211,"IT","bachelor",92147.0552742609,2,"female"
271,"CS","post grad",80865.8027121519,5,"female"
139,"CS","bachelor",80959.1945449137,1,"female"
290,"CS","bachelor",76321.9019821091,1,"male"
193,"CS","bachelor",94411.0854762156,3,"female"
262,"CS","post grad",88430.6302798753,4,"female"
240,"Marketing","post grad",84493.5503928157,3,"male"
186,"CS","post grad",102071.368901024,2,"male"
229,"CS","bachelor",80236.0416872222,7,"male"
317,"Marketing","bachelor",77045.5099068582,5,"female"
302,"CS","bachelor",91625.752321353,0,"female"
294,"Marketing","bachelor",86877.8586712079,5,"female"
195,"HR","post grad",75555.5802905275,8,"female"
161,"Marketing","post grad",94348.1228538152,7,"female"
232,"CS","post grad",88367.4418985043,8,"female"
209,"Marketing","post grad",82147.5804393044,4,"female"
303,"Marketing","bachelor",80965.6808431525,3,"female"
255,"CS","post grad",94353.9690716028,5,"male"
214,"CS","high school",100726.975248748,0,"female"
218,"CS","post grad",86921.599952775,7,"female"
259,"CS","bachelor",82973.7061039975,2,"female"
185,"CS","post grad",90620.3727718369,8,"female"
230,"CS","post grad",88336.0705667295,5,"male"
264,"CS","post grad",82619.8404770377,1,"male"
297,"CS","post grad",81047.2557961626,7,"female"
237,"Marketing","post grad",87331.3056208324,5,"female"
285,"Marketing","post grad",103096.955924615,2,"male"
205,"Marketing","post grad",85728.6347963437,3,"female"
285,"Marketing","post grad",96718.0256383566,0,"female"
291,"CS","post grad",101736.954509882,1,"male"
266,"Marketing","post grad",86386.1562411688,4,"female"
306,"IT","post grad",87436.7751085109,1,"female"
233,"Marketing","high school",67540.1015451894,2,"male"
231,"Marketing","post grad",70921.2689136599,10,"female"
186,"CS","post grad",101960.5459447,2,"male"
294,"Marketing","post grad",97695.7290392833,8,"male"
271,"CS","post grad",94282.9307147567,4,"female"
225,"CS","post grad",73422.2351047724,4,"female"
300,"Marketing","post grad",90496.9593944839,10,"male"
213,"Marketing","post grad",78725.9752038126,0,"female"
306,"CS","high school",75258.5707307113,7,"female"
249,"Marketing","high school",100976.078190064,3,"female"
310,"CS","high school",70550.2929740346,6,"male"
256,"CS","post grad",88335.2090296805,5,"female"
236,"CS","post grad",83407.5193872088,1,"female"
254,"Marketing","bachelor",96074.8014047312,4,"female"
214,"Marketing","bachelor",79075.5865686887,8,"male"
162,"CS","post grad",69718.8860522743,2,"female"
352,"CS","bachelor",59126.7594755743,0,"female"
298,"Marketing","post grad",98320.2301032726,3,"male"
195,"Marketing","post grad",76624.2745692302,4,"female"
209,"Marketing","bachelor",101190.721709762,3,"female"
319,"IT","bachelor",76215.8034202232,0,"male"
328,"Marketing","post grad",75115.2993739296,4,"female"
193,"CS","post grad",91653.6840123034,0,"female"
254,"CS","high school",81156.6769549044,3,"female"
231,"Marketing","post grad",71920.9013399451,4,"female"
271,"IT","post grad",98259.8180946102,8,"female"
189,"Marketing","post grad",88834.2773581252,2,"male"
260,"CS","post grad",80556.2006300946,7,"female"
365,"Marketing","bachelor",88523.096192568,5,"female"
167,"Marketing","bachelor",81959.6918304573,1,"male"
168,"Marketing","post grad",75236.3297745387,0,"female"
206,"CS","post grad",87579.6692720876,9,"female"
260,"Marketing","post grad",85706.384017268,5,"male"
279,"CS","bachelor",79459.3000062788,3,"female"
196,"CS","post grad",76728.4915139356,0,"female"
218,"Marketing","post grad",83464.82428046,4,"female"
249,"CS","post grad",99347.5542146179,12,"female"
310,"Marketing","high school",85099.4931081794,2,"female"
169,"CS","post grad",95285.2349165827,0,"female"
285,"CS","post grad",87219.8763930927,9,"male"
307,"CS","bachelor",85161.1024988114,4,"female"
365,"CS","bachelor",93401.5638255462,6,"female"
183,"CS","post grad",85553.1304529748,5,"female"
221,"CS","post grad",96225.7858172711,3,"female"
286,"CS","high school",64368.6905639388,6,"male"
272,"Marketing","high school",79076.8832799764,0,"female"
173,"Marketing","post grad",84296.5775176597,7,"male"
196,"HR","bachelor",80602.9893076542,9,"female"
256,"Marketing","post grad",69450.432981016,3,"female"
181,"CS","post grad",82823.0795651284,9,"male"
213,"CS","bachelor",86226.9480792945,8,"female"
287,"Marketing","bachelor",81846.2526579942,3,"male"
211,"Marketing","bachelor",76793.5038088157,2,"male"
224,"CS","post grad",84098.0562779168,4,"female"
287,"CS","bachelor",67882.37135678,5,"female"
280,"Marketing","high school",110410.639402344,6,"female"
256,"CS","high school",97757.8893237596,2,"female"
289,"Marketing","post grad",89773.7743454561,1,"female"
258,"CS","bachelor",90031.2927221582,4,"female"
235,"CS","post grad",80614.6933733412,0,"female"
216,"CS","bachelor",71820.959584333,8,"female"
292,"IT","post grad",91922.5864616026,2,"male"
318,"CS","high school",68373.210204765,3,"male"
178,"CS","post grad",68804.729747893,0,"female"
184,"Marketing","post grad",83897.7525753898,3,"female"
210,"CS","post grad",90679.6503705383,6,"male"
272,"CS","post grad",89770.0459439081,8,"female"
252,"Marketing","high school",70595.7862227047,4,"male"
137,"CS","high school",72393.0854537336,0,"male"
303,"CS","high school",71232.058423689,11,"male"
192,"CS","post grad",84452.4974131742,13,"male"
201,"IT","bachelor",75492.600649505,4,"female"
323,"CS","post grad",90049.6234769423,4,"female"
283,"CS","post grad",85941.2234976296,4,"female"
209,"CS","post grad",83739.1873780236,7,"male"
314,"CS","post grad",63777.4249136734,9,"female"
262,"CS","post grad",91242.8213496191,1,"male"
210,"Marketing","high school",87812.0657905494,10,"female"
219,"CS","post grad",74065.9899935867,1,"female"
292,"CS","bachelor",76028.532079896,2,"female"
226,"CS","post grad",66857.6975703506,2,"female"
212,"Marketing","post grad",79766.4793381817,0,"female"
155,"CS","post grad",77127.1141278104,4,"female"
299,"CS","post grad",86384.9031750872,0,"female"
229,"CS","post grad",83827.4417701169,10,"male"
251,"Marketing","bachelor",65575.2057984618,4,"female"
299,"HR","post grad",87856.8312635523,1,"male"
159,"CS","bachelor",100435.138824996,9,"female"
243,"Marketing","post grad",100189.569822594,3,"male"
241,"CS","bachelor",99302.3605842424,2,"female"
224,"CS","bachelor",80559.4649358396,5,"male"
238,"IT","post grad",99247.3391565059,0,"female"
224,"Marketing","bachelor",88060.4108843606,7,"female"
238,"CS","bachelor",78746.5478422408,0,"male"
211,"CS","high school",93117.5042351581,4,"female"
265,"Marketing","post grad",81042.7900437925,3,"female"
276,"Marketing","high school",73257.182906792,8,"female"
328,"CS","post grad",87427.2743124364,5,"female"
251,"HR","post grad",91126.8047802056,5,"female"
311,"HR","post grad",88842.1239330494,2,"male"
315,"CS","post grad",80820.9220917694,8,"female"
201,"Marketing","high school",79099.8001983999,2,"female"
275,"Marketing","post grad",80743.7053020027,7,"female"
291,"CS","post grad",95816.0651462054,2,"male"
185,"CS","post grad",85956.5045520895,5,"female"
296,"CS","post grad",71095.631580981,5,"female"
252,"CS","post grad",84328.3049072997,3,"female"
220,"Marketing","post grad",88823.6548101782,4,"male"
231,"CS","post grad",92544.192102567,0,"male"
208,"Marketing","bachelor",98600.7561001565,3,"female"
365,"CS","post grad",83524.1998108687,6,"male"
353,"Marketing","bachelor",87244.3570732704,0,"female"
307,"CS","post grad",98057.6677405481,6,"female"
260,"CS","post grad",91276.9114841088,4,"female"
185,"CS","bachelor",77579.2338357441,8,"male"
201,"CS","post grad",105806.720974161,3,"female"
304,"CS","post grad",85714.0156658991,5,"male"
293,"Marketing","post grad",76255.6397792484,3,"female"
257,"Marketing","post grad",96133.561859098,5,"male"
231,"CS","post grad",84409.9051190423,0,"male"
175,"CS","high school",82424.5530309121,6,"female"
202,"CS","post grad",87616.200571975,4,"female"
226,"Marketing","bachelor",66539.9627731314,7,"female"
182,"Marketing","post grad",93260.9322937523,2,"female"
324,"CS","post grad",83140.6664223545,9,"female"
324,"Marketing","bachelor",78888.3488679882,7,"male"
208,"Marketing","post grad",75104.329650156,6,"female"
223,"CS","high school",103496.799880321,2,"female"
194,"CS","post grad",101410.86783202,6,"female"
198,"CS","high school",64570.1670962114,5,"female"
205,"Marketing","bachelor",61779.7928604044,1,"female"
225,"CS","post grad",89961.7874294694,0,"male"
145,"IT","post grad",81614.8841759753,6,"female"
300,"CS","bachelor",75047.0876364384,4,"male"
208,"CS","post grad",82395.1112165057,5,"female"
305,"Marketing","post grad",71835.4417960097,3,"female"
231,"Marketing","high school",69305.5331741947,2,"male"
257,"CS","high school",77233.6236810979,4,"female"
266,"Marketing","high school",73011.1958810665,4,"male"
258,"CS","bachelor",79573.594063392,5,"male"
239,"CS","post grad",85668.0469726271,0,"male"
184,"CS","post grad",90260.8538278742,6,"female"
289,"CS","high school",83803.0672326709,4,"female"
120,"Marketing","bachelor",84546.2968123504,1,"female"
263,"Marketing","bachelor",74022.7233426876,5,"female"
226,"CS","post grad",98708.6225282081,5,"female"
229,"Marketing","bachelor",77151.3973065914,0,"male"
252,"CS","high school",67063.0680851267,2,"female"
288,"IT","high school",93696.0247084069,0,"female"
290,"Marketing","bachelor",74508.9368442179,0,"female"
208,"Marketing","post grad",72680.6982554274,3,"female"
250,"Marketing","post grad",77624.1725105318,3,"female"
188,"Marketing","post grad",84273.8841341817,12,"male"
231,"CS","bachelor",93346.7319835472,3,"female"
352,"Marketing","bachelor",83324.5801256434,0,"female"
189,"CS","bachelor",82122.6291373639,6,"male"
215,"HR","post grad",84421.0161507911,3,"female"
310,"CS","high school",57369.9243798572,8,"male"
297,"CS","post grad",90822.147527259,6,"female"
215,"IT","post grad",83119.4393626519,0,"female"
298,"CS","post grad",87824.5798408194,3,"female"
242,"IT","post grad",92798.0360794595,7,"male"
238,"CS","post grad",64271.0202902024,5,"female"
243,"CS","post grad",97691.5220481467,6,"female"
293,"CS","post grad",85217.2829450464,7,"female"
234,"CS","post grad",80803.1022962192,0,"female"
238,"CS","post grad",85644.1712001752,5,"female"
180,"Marketing","bachelor",78256.7895524636,0,"female"
302,"Marketing","post grad",94944.7437533952,2,"male"
298,"Marketing","post grad",83025.0280421231,5,"female"
232,"CS","bachelor",77800.7481762391,3,"male"
287,"Marketing","post grad",80122.6095917175,3,"female"
241,"HR","post grad",84384.2888179285,8,"male"
216,"Marketing","post grad",85136.8381182944,1,"male"
220,"IT","post grad",57735.2874788275,7,"female"
212,"CS","high school",85478.9488332944,5,"female"
175,"CS","post grad",89182.6475464387,6,"female"
276,"CS","post grad",89067.2069997754,0,"male"
273,"CS","post grad",87637.8103105024,4,"female"
310,"CS","post grad",90165.9687967163,8,"female"
259,"CS","bachelor",78963.5697486676,2,"female"
291,"CS","post grad",91657.4175513819,4,"female"
251,"IT","post grad",77562.3097516108,5,"female"
234,"CS","post grad",91323.0726082459,7,"male"
320,"CS","post grad",80777.2893906368,3,"female"
320,"CS","post grad",71054.4686672793,6,"female"
263,"Marketing","high school",84581.7163059401,2,"female"
303,"Marketing","high school",86660.6305654619,4,"female"
223,"CS","post grad",77635.7986659156,4,"female"
263,"CS","high school",90047.5330689493,5,"female"
251,"Marketing","high school",70232.2705695942,10,"male"
185,"CS","high school",79881.1508201906,0,"female"
232,"Marketing","high school",74717.8165939149,2,"female"
255,"HR","post grad",79423.8565001651,6,"female"
203,"CS","post grad",90307.3029998156,4,"male"
211,"CS","high school",71745.8617388139,0,"male"
269,"CS","post grad",81794.646782453,0,"female"
296,"CS","post grad",82889.4650046214,6,"female"
295,"Marketing","post grad",87491.8519022833,12,"male"
207,"CS","post grad",100467.28351283,0,"female"
213,"CS","bachelor",78631.956299028,3,"female"
207,"CS","post grad",73866.4474478031,2,"female"
160,"CS","post grad",86002.0959249797,1,"male"
266,"CS","post grad",102489.420087933,2,"male"
230,"CS","high school",74423.8175460388,2,"female"
238,"Marketing","high school",70879.3168110854,4,"male"
225,"Marketing","high school",79116.6159386077,2,"female"
290,"IT","bachelor",79548.1522644118,5,"male"
222,"CS","post grad",84838.2512074125,2,"female"
279,"CS","post grad",90680.6671776995,3,"male"
177,"CS","post grad",85915.8351879349,1,"male"
249,"IT","bachelor",75203.9125824087,6,"male"
281,"CS","post grad",93897.3287524964,2,"female"
249,"Marketing","post grad",88370.8313529092,7,"male"
291,"HR","post grad",83578.9645924532,1,"female"
189,"CS","post grad",82113.0660311635,5,"female"
298,"HR","bachelor",72740.6628709156,8,"female"
311,"Marketing","high school",67164.970894836,4,"male"
257,"CS","bachelor",92749.8836834085,8,"female"
280,"Marketing","bachelor",68863.624695648,3,"female"
189,"CS","post grad",88105.5280539225,3,"male"
276,"CS","high school",68422.97450517,8,"male"
146,"Marketing","high school",72794.0454391965,3,"male"
296,"CS","bachelor",91305.9198181512,5,"female"
231,"Marketing","post grad",84497.3669728988,6,"male"
187,"CS","post grad",72910.1478308699,0,"female"
286,"Marketing","post grad",82965.3072362789,4,"female"
204,"CS","post grad",86731.9851785352,6,"female"
135,"Marketing","post grad",81015.7550888434,8,"female"
174,"CS","post grad",95780.4523861601,7,"female"
163,"Marketing","post grad",81933.8655534684,5,"female"
256,"CS","bachelor",75838.8906113807,9,"male"
320,"CS","bachelor",78252.4061581912,4,"male"
316,"CS","high school",101492.870536421,10,"female"
322,"CS","post grad",94065.0478499512,0,"male"
302,"Marketing","post grad",83021.1403996085,5,"male"
365,"CS","post grad",96998.2164690885,2,"female"
186,"Marketing","post grad",88965.8649456708,0,"female"
174,"CS","post grad",93133.0852376911,11,"male"
254,"IT","post grad",100132.869121688,0,"female"
204,"IT","post grad",82958.5295606391,5,"male"
279,"CS","post grad",92168.7077988731,5,"male"
269,"Marketing","post grad",88186.9867597968,5,"female"
265,"CS","post grad",83914.8036384932,4,"female"
191,"CS","post grad",85733.1590357238,4,"male"
179,"CS","high school",72441.1025698251,4,"male"
215,"Marketing","post grad",94184.2051898574,9,"male"
282,"CS","post grad",65936.0161569952,7,"female"
232,"Marketing","post grad",84114.9985393727,2,"male"
281,"CS","post grad",85357.5896584439,6,"male"
351,"Marketing","post grad",84093.9064943872,3,"female"
227,"Marketing","post grad",93012.1136622762,2,"male"
177,"CS","post grad",89929.7028299511,0,"male"
306,"Marketing","post grad",100356.460556506,3,"female"
208,"CS","post grad",96091.6436510891,1,"female"
177,"CS","post grad",81515.6876668555,6,"female"
217,"CS","bachelor",92979.326833896,5,"female"
222,"CS","post grad",88892.8740062897,11,"female"
202,"HR","high school",96493.9622944582,3,"female"
211,"CS","bachelor",81267.1919527734,8,"male"
262,"Marketing","high school",65744.3838830096,7,"male"
140,"Marketing","post grad",70955.2072297408,2,"female"
300,"Marketing","bachelor",63625.8202402132,7,"female"
211,"CS","bachelor",80400.4938269199,2,"male"
232,"CS","post grad",68946.2075858404,3,"female"
290,"Marketing","post grad",87187.5284380782,3,"female"
206,"CS","post grad",85574.1045052096,2,"female"
322,"CS","post grad",77956.2188171445,0,"female"
270,"CS","bachelor",80603.9338584077,7,"male"
347,"CS","post grad",77471.5011804944,2,"female"
256,"CS","post grad",96826.0203609467,3,"male"
255,"Marketing","post grad",97496.59553483,1,"female"
182,"HR","bachelor",79320.7217846524,6,"female"
260,"CS","bachelor",96716.1447150783,5,"female"
171,"Marketing","bachelor",107316.979338416,6,"female"
308,"CS","bachelor",77847.053815046,4,"female"
171,"Marketing","bachelor",74611.7180320289,7,"female"
288,"CS","post grad",105227.669827568,2,"female"
118,"CS","post grad",91574.2211812539,7,"male"
189,"Marketing","post grad",93780.5414317506,2,"male"
289,"Marketing","high school",82929.6826795021,8,"female"
248,"Marketing","post grad",69493.3189378907,5,"female"
288,"IT","post grad",86858.430910997,4,"female"
237,"CS","bachelor",83317.3844769507,2,"female"
342,"Marketing","post grad",87230.1919699309,7,"female"
320,"Marketing","post grad",94009.5791137141,7,"female"
186,"HR","high school",72943.2251830839,0,"female"
249,"CS","post grad",80355.606442263,6,"female"
325,"CS","post grad",83878.4023335864,1,"female"
228,"CS","post grad",100014.204055771,8,"female"
255,"Marketing","bachelor",84102.2986290738,2,"female"
241,"Marketing","post grad",76534.807084706,3,"female"
284,"Marketing","post grad",84040.6604189468,5,"female"
188,"Marketing","bachelor",83550.6900552754,8,"female"
228,"HR","post grad",84205.8926826687,10,"female"
244,"Marketing","post grad",65802.7775038901,5,"female"
261,"CS","post grad",82119.8703321942,2,"female"
247,"CS","post grad",85615.7910048984,7,"female"
232,"CS","bachelor",78741.3446219308,0,"male"
283,"Marketing","post grad",79511.9742394187,1,"female"
156,"IT","post grad",78181.8065288947,1,"female"
302,"CS","post grad",90909.5534810843,8,"female"
233,"Marketing","post grad",99559.3026223328,6,"female"
192,"Marketing","post grad",103973.414514568,6,"male"
190,"Marketing","post grad",62764.6051757445,3,"female"
216,"IT","post grad",68708.3031695269,1,"female"
242,"CS","post grad",82692.4921294655,10,"female"
210,"CS","post grad",78988.3214493376,3,"female"
241,"CS","post grad",84668.3261357226,4,"female"
296,"Marketing","post grad",81218.9941769341,5,"female"
246,"Marketing","post grad",92427.1676819059,5,"male"
241,"CS","post grad",75424.8095414835,0,"female"
198,"CS","high school",80242.1672698,5,"female"
297,"CS","bachelor",75189.4184206215,2,"female"
266,"CS","high school",71757.6902994184,5,"male"
195,"Marketing","post grad",96590.4822709142,3,"female"
252,"Marketing","bachelor",74242.3717186102,2,"female"
259,"CS","post grad",69706.2660982613,3,"female"
283,"Marketing","post grad",89515.0106830581,0,"male"
299,"CS","high school",69010.4447594527,4,"female"
246,"CS","bachelor",87153.338451877,8,"female"
233,"CS","high school",75504.2089169883,9,"female"
262,"CS","post grad",95848.685301568,3,"female"
227,"CS","post grad",78927.2994996424,0,"female"
266,"CS","high school",68627.1179342813,3,"male"
260,"CS","post grad",90318.5010734083,4,"female"
146,"CS","high school",68416.3229537073,2,"male"
257,"CS","post grad",66769.1248165708,0,"female"
233,"CS","post grad",92405.0706376141,0,"female"
197,"CS","post grad",92377.8491939927,0,"female"
248,"CS","post grad",91001.0710639412,5,"male"
226,"CS","post grad",89075.564982344,2,"female"
278,"CS","post grad",88406.5126782188,2,"female"
216,"CS","bachelor",68991.7008345104,4,"female"
133,"CS","post grad",70789.0000655394,4,"female"
251,"CS","high school",71804.1878363898,4,"male"
255,"Marketing","high school",69627.9730354948,6,"female"
196,"CS","post grad",82848.41202498,4,"female"
256,"CS","high school",78073.838345044,0,"female"
286,"CS","bachelor",86119.2904236339,9,"female"
357,"Marketing","bachelor",95981.1311263031,4,"female"
330,"Marketing","post grad",82135.1019898293,0,"female"
242,"Marketing","bachelor",79689.5871216344,7,"male"
292,"CS","bachelor",76583.7293461659,6,"male"
260,"Marketing","bachelor",89979.7262572417,6,"female"
266,"Marketing","high school",89638.7359614249,1,"female"
251,"CS","post grad",66206.5860159704,6,"female"
193,"CS","high school",91399.6133231982,8,"female"
229,"Marketing","post grad",78079.879456013,1,"female"
262,"CS","post grad",81313.1253145729,3,"female"
299,"Marketing","bachelor",83605.1251436307,1,"female"
321,"Marketing","bachelor",82458.5612528399,5,"female"
298,"CS","high school",81287.4723782978,6,"female"
225,"CS","post grad",89660.2254459829,8,"male"
315,"Marketing","post grad",91879.7932447006,4,"male"
164,"CS","high school",58691.6318838744,6,"male"
269,"Marketing","post grad",82223.3563819226,7,"female"
285,"CS","post grad",76872.1340903559,2,"female"
226,"Marketing","bachelor",86252.7458753581,5,"female"
297,"Marketing","high school",62223.2780493613,1,"male"
281,"Marketing","post grad",75823.3997224354,4,"female"
232,"CS","post grad",98585.4844343998,5,"female"
247,"CS","high school",78891.1342557025,5,"female"
263,"Marketing","post grad",78955.3795476454,1,"female"
221,"Marketing","post grad",93203.6508999849,3,"female"
288,"IT","bachelor",79972.3899366124,9,"female"
320,"CS","bachelor",77142.4624540465,5,"female"
153,"CS","bachelor",65773.7020111293,2,"female"
171,"Marketing","high school",91880.5683116515,5,"female"
300,"CS","post grad",70893.3535902897,5,"female"
321,"CS","post grad",81839.0347389152,4,"female"
328,"CS","post grad",97003.0964803905,1,"male"
233,"CS","bachelor",85975.0962350435,5,"female"
285,"CS","bachelor",87238.0385448552,6,"female"
284,"CS","bachelor",81059.7756065977,4,"female"
321,"CS","post grad",91976.1755139442,6,"male"
288,"CS","post grad",63739.2674037768,4,"female"
252,"IT","post grad",83351.4190415249,6,"female"
282,"CS","post grad",91096.5835017324,3,"male"
242,"CS","bachelor",94211.9797580112,6,"female"
291,"CS","high school",82280.4640548209,7,"female"
324,"IT","post grad",89464.9763788966,5,"male"
249,"CS","bachelor",85777.8570630065,0,"female"
217,"CS","high school",84357.3153779324,4,"female"
220,"Marketing","post grad",87219.569421984,0,"female"
216,"CS","bachelor",90940.1067143728,10,"female"
207,"IT","post grad",79800.1166705495,0,"female"
230,"CS","bachelor",81920.1144226744,1,"female"
269,"Marketing","bachelor",81385.6319446709,3,"male"
168,"CS","post grad",83369.0682264865,9,"male"
158,"CS","post grad",74407.2642662876,1,"female"
221,"Marketing","bachelor",89920.119998135,0,"female"
250,"Marketing","high school",80920.818844369,6,"female"
92,"Marketing","bachelor",75975.1484475498,5,"female"
232,"Marketing","post grad",96248.8410291732,0,"female"
207,"CS","bachelor",84109.9302777049,8,"female"
236,"CS","post grad",85622.3243047249,7,"female"
321,"HR","post grad",94529.4764709037,4,"female"
258,"Marketing","high school",73199.5448966653,2,"male"
257,"CS","bachelor",82805.819730848,2,"female"
352,"Marketing","high school",71112.3186118304,4,"male"
193,"IT","bachelor",81936.254792888,6,"male"
169,"CS","post grad",100545.738008027,6,"male"
233,"CS","post grad",59617.318637081,0,"female"
259,"CS","bachelor",88967.7091469062,4,"female"
198,"CS","post grad",75420.3616836805,4,"female"
222,"CS","post grad",84948.3685519872,3,"male"
256,"Marketing","bachelor",86961.1579352762,4,"female"
281,"CS","post grad",100738.98110825,3,"male"
235,"Marketing","post grad",90631.9930890057,5,"female"
251,"CS","high school",77284.2634797939,2,"female"
287,"CS","post grad",95166.3989260708,9,"male"
220,"Marketing","post grad",84866.3102460078,1,"female"
207,"CS","post grad",63862.4640599825,3,"female"
243,"CS","post grad",93159.7619559827,5,"female"
282,"CS","bachelor",78657.4993284708,6,"male"
278,"IT","bachelor",71937.3095231926,4,"female"
272,"CS","post grad",76366.178455146,2,"female"
173,"Marketing","post grad",88357.7020412751,4,"female"
289,"HR","high school",82190.6314741478,3,"female"
217,"CS","bachelor",73443.0022482442,8,"female"
270,"CS","post grad",92763.2927528603,3,"female"
348,"IT","bachelor",78664.1807166751,6,"male"
255,"CS","bachelor",83468.786794946,5,"female"
272,"CS","post grad",67701.4477860004,8,"female"
243,"CS","post grad",68498.7540236216,3,"female"
247,"CS","bachelor",71407.1104928723,5,"female"
288,"CS","post grad",95906.9259648524,7,"male"
193,"CS","high school",77969.5086751978,5,"female"
216,"CS","post grad",84063.9615844329,4,"female"
170,"CS","post grad",91768.2788813689,2,"female"
289,"Marketing","post grad",69554.5198019806,5,"female"
302,"CS","post grad",76023.3438161717,2,"female"
365,"CS","post grad",79046.4510290704,5,"female"
256,"CS","bachelor",91559.3520294344,8,"female"
158,"Marketing","bachelor",75547.3119183971,0,"female"
313,"CS","post grad",69389.2264180452,4,"female"
156,"Marketing","post grad",60611.2374593463,5,"female"
264,"CS","bachelor",74960.8243474167,2,"male"
237,"CS","high school",78786.2743120357,9,"female"
194,"HR","post grad",87488.0269099138,6,"female"
161,"Marketing","post grad",85404.0155423579,4,"female"
261,"Marketing","post grad",92360.0046715048,0,"male"
291,"IT","bachelor",82669.7987459875,3,"female"
155,"CS","post grad",76205.9858859877,3,"female"
227,"CS","post grad",75461.5925186164,4,"female"
272,"Marketing","post grad",80518.5437491696,9,"female"
332,"IT","bachelor",81753.8512472614,1,"male"
257,"CS","post grad",83082.8661735774,3,"female"
149,"CS","post grad",99969.0590200861,3,"male"
231,"CS","bachelor",55765.8389916629,6,"female"
244,"IT","high school",98098.2737629132,5,"female"
236,"Marketing","bachelor",100955.628364491,0,"female"
253,"CS","post grad",83178.0385786411,1,"female"
187,"Marketing","post grad",91193.9506912653,0,"female"
159,"IT","bachelor",96396.012131066,7,"female"
300,"CS","high school",70468.043595063,4,"male"
278,"CS","post grad",82346.5732223544,3,"female"
207,"IT","high school",72380.2059205106,6,"male"
324,"CS","post grad",93478.782693736,3,"female"
280,"CS","post grad",91537.5315132227,3,"male"
210,"CS","post grad",93898.7858605674,2,"male"
238,"CS","post grad",97114.5536790856,8,"female"
298,"CS","post grad",88456.1636671167,3,"male"
195,"IT","post grad",92554.0541036666,9,"female"
297,"Marketing","bachelor",80219.9199971995,5,"female"
197,"CS","bachelor",93340.6583652009,10,"female"
274,"CS","post grad",84097.5233849498,3,"female"
222,"CS","bachelor",77609.1584085277,2,"male"
187,"CS","post grad",76196.6627880449,4,"female"
180,"CS","bachelor",76445.622213112,4,"male"
299,"Marketing","post grad",104160.641753372,3,"female"
299,"CS","post grad",82780.2034297343,5,"female"
227,"HR","post grad",83532.7527301001,3,"female"
239,"CS","post grad",92946.5412808376,11,"female"
334,"Marketing","post grad",67099.9681410335,2,"female"
152,"CS","post grad",101292.280392604,4,"male"
282,"Marketing","bachelor",93549.1444202309,4,"female"
260,"CS","post grad",91369.4486605611,3,"male"
237,"HR","post grad",87463.1216115812,3,"female"
241,"CS","post grad",89944.36750771,2,"male"
272,"Marketing","bachelor",81257.8141916708,9,"male"
359,"Marketing","post grad",81629.8952685115,7,"female"
215,"Marketing","post grad",89667.7141716363,2,"female"
270,"CS","post grad",92373.8374088534,4,"male"
176,"CS","post grad",88396.1353597992,2,"male"
254,"CS","bachelor",80813.9794311405,2,"female"
287,"CS","post grad",91722.5595322033,9,"female"
202,"CS","post grad",93691.8449017889,4,"female"
283,"CS","post grad",98679.791266562,3,"male"
165,"CS","post grad",89718.9872200517,9,"female"
365,"Marketing","post grad",94145.3344712027,10,"female"
217,"Marketing","post grad",95746.6297078056,6,"female"
229,"CS","bachelor",65634.278583424,5,"female"
307,"CS","post grad",63171.0365000262,6,"female"
335,"Marketing","high school",87356.2772707999,7,"female"
192,"CS","post grad",71219.123103145,0,"female"
311,"CS","post grad",68628.1851814,6,"female"
214,"CS","bachelor",76388.0386724379,7,"male"
151,"Marketing","high school",68168.5028900228,2,"female"
195,"HR","bachelor",79344.0712043492,4,"male"
198,"CS","post grad",86053.0005931791,0,"male"
255,"CS","high school",72270.1917933169,21,"male"
253,"CS","high school",69850.8490523724,23,"female"
244,"Marketing","high school",69947.1317367287,2,"male"
187,"Marketing","high school",69524.6388249549,0,"male"
148,"HR","high school",63230.9377313522,0,"male"
177,"CS","post grad",88476.1262212158,0,"female"
150,"CS","high school",88703.2176116213,0,"female"
158,"CS","post grad",93031.5919595325,12,"male"
240,"CS","high school",68208.2493826688,16,"male"
244,"Marketing","post grad",95321.165819557,3,"male"
290,"Marketing","post grad",70141.7763506197,4,"female"
151,"Marketing","post grad",93164.6313510442,0,"male"
231,"Marketing","bachelor",82376.2499316822,9,"male"
253,"IT","post grad",82900.0398294889,16,"male"
217,"HR","high school",73339.0655525729,10,"male"
243,"Marketing","post grad",94115.3947822559,7,"female"
127,"CS","high school",86295.1617132922,5,"female"
277,"CS","high school",85887.7665140891,0,"female"
198,"Marketing","bachelor",92597.357768514,1,"female"
225,"Marketing","bachelor",76553.9660514992,0,"female"
278,"Marketing","post grad",94416.2132020837,0,"female"
206,"CS","high school",84398.0105367854,0,"female"
225,"CS","high school",68463.357567814,0,"male"
287,"IT","high school",100885.334699739,0,"female"
244,"CS","bachelor",70447.1842474221,1,"female"
238,"IT","bachelor",80508.9805357838,11,"male"
235,"IT","bachelor",69275.2314228911,2,"female"
164,"Marketing","high school",71261.998841039,20,"male"
227,"CS","high school",58739.0470741529,4,"male"
236,"Marketing","bachelor",71106.7583905434,5,"female"
198,"Marketing","bachelor",80455.7972674229,3,"male"
252,"CS","post grad",77944.0668762175,8,"female"
267,"CS","bachelor",94107.558424704,10,"female"
125,"CS","post grad",89076.5817895052,0,"female"
147,"IT","bachelor",84311.7497997406,0,"female"
302,"IT","post grad",73599.8271942144,15,"female"
231,"CS","post grad",87841.6750243721,0,"female"
232,"Marketing","bachelor",86766.7459647149,0,"female"
207,"CS","high school",98687.3179574888,16,"female"
116,"HR","high school",81812.1270671242,0,"female"
94,"Marketing","post grad",84101.7312100793,7,"male"
269,"CS","bachelor",75006.7782159198,6,"male"
253,"CS","post grad",85685.8787086942,0,"male"
226,"Marketing","bachelor",75992.2162829355,0,"male"
205,"CS","bachelor",74203.1761362715,0,"male"
253,"Marketing","bachelor",74892.9477861638,10,"female"
354,"CS","bachelor",80264.1945921657,0,"male"
287,"CS","high school",69682.3490604365,0,"male"
236,"Marketing","bachelor",65560.8855066418,29,"female"
119,"CS","high school",72572.8067141189,0,"female"
267,"CS","high school",74911.9089287146,6,"female"
273,"Marketing","high school",64641.8712288078,0,"male"
236,"Marketing","bachelor",77984.9510640165,9,"male"
169,"CS","high school",86501.4426657283,17,"female"
222,"Marketing","high school",67976.9709455581,3,"male"
181,"HR","bachelor",76316.0329168831,8,"male"
252,"Marketing","bachelor",79857.7672567787,0,"male"
150,"IT","post grad",90486.8147073208,0,"male"
258,"IT","post grad",85050.331051836,2,"male"
221,"Marketing","high school",66818.8891169757,1,"female"
214,"CS","high school",72252.5129535661,1,"male"
276,"HR","high school",71189.9600510022,16,"female"
267,"Marketing","bachelor",79966.8365539745,0,"female"
267,"Marketing","post grad",94708.4659814912,11,"male"
304,"CS","high school",69452.2797597156,11,"male"
173,"CS","bachelor",82893.2815847045,0,"female"
295,"CS","post grad",86225.5172817541,24,"male"
210,"CS","high school",89437.5984780151,0,"female"
197,"Marketing","high school",73455.8977690491,5,"male"
246,"CS","bachelor",98904.8263119677,3,"female"
131,"IT","high school",73256.5638543935,5,"male"
216,"CS","high school",86735.6776157374,18,"female"
215,"CS","bachelor",87066.317835076,8,"female"
188,"Marketing","high school",65406.0809879652,0,"male"
270,"Marketing","bachelor",78429.7497530399,0,"male"
199,"Marketing","high school",63632.4542096408,0,"male"
220,"CS","post grad",106457.705040952,12,"female"
299,"CS","high school",67637.3947855737,18,"male"
227,"Marketing","high school",99867.5498669858,0,"female"
134,"CS","high school",74234.8052231864,0,"female"
190,"IT","post grad",86120.9951741515,22,"male"
247,"Marketing","high school",67334.835557352,0,"male"
282,"CS","high school",66151.0562005586,0,"male"
243,"CS","high school",76648.320769997,0,"female"
170,"HR","bachelor",64718.087909458,0,"female"
216,"CS","post grad",92460.962461757,0,"female"
174,"IT","bachelor",81417.0550114143,4,"female"
196,"CS","bachelor",80752.8309932425,10,"male"
273,"CS","bachelor",81779.7195174801,0,"female"
169,"CS","high school",63287.24803665,8,"male"
287,"CS","bachelor",84903.0431620098,5,"female"
233,"CS","post grad",91528.9998494968,7,"female"
106,"IT","high school",72765.1124594637,17,"male"
171,"IT","bachelor",78159.5581860629,16,"male"
281,"CS","high school",68470.109934412,1,"male"
218,"Marketing","high school",87104.8691044027,0,"female"
219,"CS","high school",60907.0633678381,8,"male"
196,"CS","post grad",81354.4441724448,13,"female"
213,"Marketing","post grad",82479.7168311997,1,"male"
196,"Marketing","high school",90564.6224106789,7,"female"
265,"Marketing","high school",70841.8071145046,0,"male"
243,"CS","high school",65830.3939670561,11,"male"
205,"CS","high school",81269.9220026151,10,"female"
134,"IT","post grad",94503.441720881,14,"male"
161,"CS","bachelor",81603.8896476239,0,"female"
231,"CS","post grad",85248.0084506148,19,"male"
191,"Marketing","high school",57885.2438978908,0,"male"
314,"Marketing","bachelor",84129.0736475295,0,"female"
239,"CS","bachelor",70837.0171816308,8,"female"
247,"HR","high school",72582.4595574067,22,"male"
256,"CS","post grad",83091.4876164108,5,"male"
245,"CS","high school",70814.3905622899,14,"male"
181,"CS","high school",92580.1198016632,2,"female"
174,"CS","bachelor",77676.9807913113,0,"male"
260,"CS","post grad",85229.9459328931,17,"female"
274,"CS","high school",82510.9131511784,11,"female"
238,"Marketing","high school",49902.0582330416,21,"male"
172,"CS","high school",83753.5042702496,1,"female"
205,"CS","high school",89966.3835084609,6,"female"
246,"CS","bachelor",79224.1084120058,21,"male"
223,"HR","post grad",91408.0282740819,18,"female"
84,"CS","high school",88325.6174417568,0,"female"
206,"IT","high school",82805.371871243,5,"female"
228,"CS","high school",68880.1469290801,5,"male"
232,"CS","high school",56770.3008989029,23,"male"
245,"CS","bachelor",74199.2992780501,15,"male"
308,"CS","post grad",86808.2709501014,19,"male"
226,"CS","high school",62867.1547775325,0,"male"
115,"Marketing","post grad",86818.8197804237,1,"male"
227,"CS","high school",67558.9505712945,15,"male"
234,"CS","high school",67016.1842240953,0,"male"
178,"CS","bachelor",101274.040531342,0,"female"
201,"CS","post grad",88477.4544759655,0,"female"
251,"CS","post grad",79909.1455714595,0,"female"
211,"Marketing","post grad",99103.0418604921,1,"female"
229,"CS","post grad",68241.1175879603,9,"female"
186,"Marketing","post grad",79663.1065645792,3,"female"
364,"Marketing","bachelor",78933.2959599863,0,"male"
203,"CS","high school",58559.1604872079,12,"male"
208,"HR","high school",67870.8451045949,2,"male"
123,"Marketing","high school",64140.2984948154,0,"female"
178,"Marketing","bachelor",80742.7338179383,0,"male"
202,"Marketing","high school",105316.111861827,17,"female"
212,"CS","high school",80031.6950233325,5,"female"
284,"CS","high school",78796.4084387256,4,"female"
175,"IT","bachelor",86542.9011674121,21,"female"
211,"IT","high school",83827.59394294,4,"female"
232,"Marketing","post grad",81193.6006265811,0,"female"
256,"IT","bachelor",77065.9922968825,13,"male"
254,"Marketing","post grad",84007.3261188778,10,"male"
269,"CS","high school",67084.345970646,0,"male"
308,"CS","post grad",87413.1239427202,11,"female"
160,"CS","bachelor",78999.8484702134,8,"female"
180,"CS","high school",66015.7592531055,0,"male"
218,"Marketing","high school",90151.6667135967,0,"female"
176,"CS","high school",95221.9349727525,0,"female"
284,"Marketing","post grad",84136.2042677578,3,"female"
283,"Marketing","high school",71596.051854748,0,"male"
205,"Marketing","bachelor",73157.4200932996,6,"female"
249,"IT","high school",73325.0655528678,4,"female"
249,"CS","post grad",74572.1744754563,2,"female"
163,"Marketing","high school",61857.4754208045,6,"male"
265,"CS","high school",73127.9939451245,2,"male"
326,"CS","bachelor",74125.1549804621,0,"male"
308,"Marketing","post grad",86082.3281474489,4,"male"
194,"Marketing","post grad",84173.5939634909,0,"male"
144,"CS","post grad",92609.4186905559,0,"male"
161,"CS","high school",74586.4507396909,0,"female"
139,"Marketing","bachelor",77374.2645552212,4,"female"
234,"CS","high school",53965.2952744405,3,"male"
312,"Marketing","bachelor",75860.5549539705,2,"male"
226,"CS","high school",83106.5226855099,4,"female"
221,"CS","bachelor",75489.8083988127,0,"male"
185,"Marketing","bachelor",89970.1357930596,0,"female"
200,"CS","post grad",84103.3577525441,5,"male"
232,"IT","bachelor",77026.4030515116,0,"male"
215,"Marketing","bachelor",76339.9016234812,4,"male"
223,"CS","high school",92176.4560435564,0,"female"
202,"CS","post grad",67901.5580115655,3,"female"
227,"Marketing","post grad",90281.3287727265,0,"male"
141,"Marketing","post grad",86429.9219096185,11,"female"
290,"CS","bachelor",83826.3138091703,7,"female"
121,"IT","high school",68064.2256092547,7,"male"
176,"CS","high school",76154.7502323153,0,"female"
224,"CS","post grad",81758.5538775267,4,"female"
193,"Marketing","post grad",101056.523539642,15,"female"
200,"CS","high school",68392.7675843862,0,"female"
249,"Marketing","high school",97425.4474895194,0,"female"
240,"CS","bachelor",88701.0220518918,7,"female"
242,"Marketing","high school",62362.1963826095,0,"male"
231,"CS","post grad",92122.8994734133,0,"male"
194,"CS","high school",67393.2162035648,6,"male"
192,"CS","high school",69383.5708640214,9,"male"
165,"Marketing","bachelor",77437.9468610724,14,"male"
184,"Marketing","high school",86072.5548643287,1,"female"
141,"Marketing","post grad",74269.9206591432,0,"female"
180,"Marketing","high school",70569.8719158404,0,"male"
275,"CS","post grad",83521.578910978,0,"male"
283,"CS","bachelor",76979.4175669836,12,"male"
187,"Marketing","high school",86726.9356817027,0,"female"
239,"Marketing","bachelor",77455.9233427798,0,"male"
236,"CS","high school",95080.1635735821,0,"female"
117,"IT","high school",55358.2080091792,7,"male"
254,"Marketing","post grad",86953.498246586,10,"male"
208,"CS","high school",66369.3658785569,14,"male"
113,"Marketing","high school",72583.3453155402,5,"female"
234,"Marketing","high school",59931.6138656589,0,"male"
343,"Marketing","high school",82108.4480231063,0,"female"
244,"CS","bachelor",79637.2308673714,0,"male"
229,"CS","bachelor",92378.4897244364,2,"female"
224,"CS","post grad",87908.3187421415,0,"male"
154,"Marketing","post grad",84169.692498244,4,"female"
223,"IT","post grad",87206.8708653779,0,"male"
183,"CS","post grad",86737.1506325924,0,"male"
190,"IT","post grad",90046.7701774936,2,"male"
96,"CS","post grad",81439.4634026282,13,"female"
267,"CS","high school",67643.3192809309,0,"male"
246,"Marketing","post grad",77137.2592337365,4,"female"
262,"HR","high school",84946.1038670564,7,"female"
177,"CS","high school",72728.5230275803,5,"male"
167,"CS","high school",71110.6579992601,19,"male"
265,"HR","high school",92047.5500611142,5,"female"
153,"CS","high school",67590.424825452,1,"male"
208,"CS","bachelor",88549.5449623738,0,"female"
225,"Marketing","high school",68424.9555886712,9,"male"
219,"Marketing","post grad",89524.9008140784,22,"female"
181,"CS","post grad",102369.329126374,7,"female"
213,"CS","high school",84916.1299642073,0,"female"
274,"CS","bachelor",81789.3478961227,0,"male"
167,"IT","high school",60408.3072638583,4,"male"
258,"HR","post grad",88586.9843669119,1,"male"
225,"Marketing","high school",64662.6637357971,0,"male"
253,"IT","high school",70747.9671198277,0,"male"
294,"CS","post grad",94669.8242699283,7,"male"
190,"CS","high school",84739.7727860158,5,"female"
177,"Marketing","bachelor",77977.8438214215,0,"male"
203,"CS","bachelor",79543.8286347904,9,"male"
183,"CS","post grad",81418.6107394881,7,"female"
277,"CS","high school",72872.3736090345,21,"male"
163,"Marketing","high school",82491.6286477638,20,"female"
178,"Marketing","post grad",83247.8108828317,0,"female"
265,"Marketing","high school",83371.6758622735,0,"female"
172,"Marketing","bachelor",75968.9130550747,10,"male"
209,"HR","bachelor",90823.0822937117,8,"female"
186,"Marketing","post grad",87536.7358020839,7,"female"
181,"CS","post grad",72318.5384131146,14,"female"
277,"CS","high school",79183.5915893558,9,"female"
194,"Marketing","bachelor",70153.6049112241,24,"female"
200,"HR","bachelor",84031.5751129238,2,"female"
175,"CS","high school",75594.2427266086,0,"female"
175,"CS","high school",90480.6021873018,2,"female"
150,"Marketing","post grad",87910.9252948639,0,"female"
231,"CS","post grad",82842.0422643794,13,"male"
135,"CS","high school",71749.9193161348,0,"female"
116,"Marketing","post grad",83261.2624354041,0,"male"
202,"HR","high school",62344.5217213444,5,"male"
191,"Marketing","bachelor",78324.9698828649,12,"female"
216,"CS","bachelor",74741.1583017918,8,"male"
146,"CS","post grad",66802.1078927787,0,"female"
144,"CS","high school",91300.9409706661,0,"female"
218,"Marketing","post grad",90528.2050199165,1,"female"
285,"CS","post grad",84631.0778155231,3,"male"
257,"IT","high school",67023.032546087,0,"female"
231,"Marketing","post grad",86240.8271627877,0,"male"
245,"CS","high school",72420.819729273,14,"male"
173,"Marketing","high school",60933.1721727292,5,"male"
227,"Marketing","bachelor",97761.8475809095,1,"female"
286,"CS","high school",66812.237565513,8,"female"
291,"Marketing","bachelor",95006.2209715164,0,"female"
202,"HR","bachelor",76143.4794555481,8,"male"
176,"CS","high school",87760.0287472327,8,"female"
214,"CS","bachelor",90423.7678056384,1,"female"
200,"CS","high school",89396.985675747,8,"female"
179,"Marketing","high school",67065.7806240411,13,"male"
250,"CS","post grad",85701.4173574212,0,"male"
139,"Marketing","post grad",82825.4330932269,3,"female"
267,"HR","post grad",81522.5592972613,3,"female"
261,"CS","post grad",79358.3572543244,0,"female"
231,"HR","post grad",85075.6721598248,2,"male"
212,"CS","high school",91512.2429034791,0,"female"
162,"HR","high school",73115.5572016735,5,"male"
246,"IT","post grad",70200.1024481956,0,"female"
176,"Marketing","high school",69984.1263880865,0,"female"
211,"Marketing","high school",72659.2106441427,0,"male"
255,"Marketing","high school",97998.8636835652,4,"female"
162,"CS","high school",67414.0483248261,0,"female"
202,"Marketing","high school",79000.9270282487,25,"female"
245,"Marketing","high school",76463.7193897567,4,"female"
252,"CS","high school",82393.0203320364,18,"female"
291,"HR","high school",58320.9927007393,10,"male"
197,"CS","high school",70761.8663997116,0,"male"
242,"Marketing","high school",78085.5017334401,8,"female"
161,"CS","high school",61991.9738068398,15,"male"
239,"Marketing","high school",74979.6439579716,0,"female"
218,"IT","high school",64594.5935935641,9,"male"
300,"CS","high school",69878.0216718934,0,"male"
184,"Marketing","high school",75272.3992911583,16,"female"
179,"HR","high school",61655.4381559504,0,"male"
301,"IT","high school",71703.5312319282,15,"male"
243,"HR","high school",68209.1034893085,29,"female"
243,"Marketing","post grad",89673.2422956835,0,"female"
220,"CS","post grad",91843.9189283071,0,"male"
238,"CS","high school",59834.856556163,0,"male"
241,"Marketing","high school",72283.2703190868,7,"male"
284,"CS","bachelor",76057.0584550791,19,"male"
234,"Marketing","high school",64422.7016957423,0,"male"
145,"CS","post grad",69400.0011801493,6,"female"
168,"CS","bachelor",81729.2218635203,12,"female"
192,"CS","high school",63976.9710467675,0,"male"
184,"CS","bachelor",93859.6602015263,24,"female"
114,"CS","high school",65601.9340866829,0,"male"
188,"CS","bachelor",79767.5543346922,0,"male"
93,"CS","bachelor",75724.10159479,0,"male"
230,"Marketing","post grad",78000.1306484122,0,"female"
214,"CS","high school",63263.9171182534,0,"male"
199,"HR","post grad",86954.2485661956,0,"male"
223,"Marketing","high school",75946.3440526341,10,"female"
213,"HR","high school",71430.2750382609,12,"female"
307,"Marketing","high school",88056.1400577887,10,"female"
268,"CS","high school",90275.7078565063,21,"female"
146,"Marketing","bachelor",79426.6610647636,0,"male"
219,"IT","high school",57087.5464956801,11,"female"
193,"CS","post grad",87585.1289987899,0,"male"
243,"Marketing","post grad",88985.3586534098,5,"male"
217,"CS","post grad",86688.0206013958,18,"female"
222,"Marketing","high school",48538.9135047724,0,"male"
225,"Marketing","bachelor",77259.7910256953,3,"male"
138,"CS","high school",68768.3498725911,0,"male"
289,"CS","high school",73590.7091811718,0,"male"
259,"CS","high school",89111.195500209,0,"female"
187,"CS","post grad",91441.8927747974,0,"male"
261,"IT","post grad",77309.8041121667,25,"female"
260,"CS","post grad",60619.192661167,5,"female"
163,"Marketing","bachelor",93884.4722531279,4,"female"
198,"Marketing","bachelor",81104.4645367205,15,"female"
109,"CS","post grad",93534.274951421,0,"male"
170,"Marketing","high school",63914.2193439851,18,"male"
307,"Marketing","post grad",60580.7954715131,0,"female"
294,"CS","bachelor",74759.7951392082,11,"male"
258,"CS","high school",90482.2129153636,0,"female"
265,"Marketing","bachelor",74116.5453716177,0,"male"
206,"Marketing","bachelor",86736.3925061464,0,"female"
215,"HR","high school",79088.4811746055,0,"female"
198,"Marketing","high school",65716.1714972757,0,"male"
255,"CS","bachelor",78536.6998836502,12,"female"
174,"CS","high school",79977.523459958,10,"female"
309,"CS","high school",64923.1336068005,6,"male"
252,"IT","high school",71805.2194274003,13,"female"
166,"Marketing","high school",85571.5750873263,5,"female"
224,"CS","post grad",86109.3484591086,0,"male"
247,"CS","high school",67326.6127957423,1,"male"
291,"HR","bachelor",82246.9584726036,0,"male"
154,"Marketing","post grad",87238.0936974912,0,"male"
164,"Marketing","bachelor",80259.8028721084,0,"male"
112,"CS","post grad",85856.5879609189,10,"male"
181,"IT","high school",69133.601412812,0,"male"
173,"Marketing","post grad",82072.1846044717,0,"female"
125,"CS","high school",95399.0110921963,2,"female"
306,"HR","high school",58940.6921409597,11,"male"
203,"CS","post grad",89938.8990374012,12,"male"
160,"CS","high school",68429.4550508261,15,"male"
131,"CS","bachelor",79130.9899479697,7,"female"
174,"CS","post grad",77141.9844956151,17,"female"
251,"CS","high school",72958.1266513575,1,"male"
260,"CS","high school",80837.9817113924,8,"female"
249,"CS","high school",90372.0901257499,5,"female"
237,"IT","high school",64642.6194845811,9,"male"
262,"CS","high school",63005.4137506331,5,"male"
261,"CS","bachelor",80068.1595061322,0,"male"
210,"IT","high school",89101.9223563341,8,"female"
273,"CS","high school",89029.6154037607,2,"female"
229,"Marketing","high school",55812.44359531,0,"male"
216,"HR","bachelor",89492.4981135381,0,"female"
170,"HR","high school",73427.2030204726,11,"female"
169,"Marketing","high school",73613.3869717871,0,"male"
171,"CS","post grad",84955.2778022013,5,"male"
227,"CS","high school",59834.1439690231,0,"male"
188,"CS","high school",66857.2472723656,0,"female"
224,"Marketing","high school",87860.8909907024,0,"female"
246,"IT","high school",78315.9152070187,12,"female"
337,"CS","high school",71144.9148455699,23,"female"
220,"IT","high school",95834.2915904503,7,"female"
180,"CS","bachelor",75691.6456663291,0,"male"
304,"CS","high school",64558.0318416825,0,"male"
244,"CS","post grad",84468.869957255,16,"male"
203,"CS","high school",80766.6722249647,3,"female"
207,"CS","high school",63606.0053355046,0,"male"
259,"CS","bachelor",79514.8114061243,15,"male"
198,"CS","high school",92964.4592685107,29,"female"
173,"Marketing","high school",70990.4168945275,4,"male"
281,"IT","high school",74729.9175647081,19,"female"
231,"CS","bachelor",81092.7754084439,0,"male"
174,"Marketing","bachelor",81760.6596567764,0,"male"
218,"CS","high school",79781.5465564766,0,"female"
164,"IT","high school",81764.9828382922,7,"female"
118,"CS","high school",82200.5307171869,0,"female"
295,"CS","high school",60640.6141041635,7,"male"
136,"IT","high school",65895.2329578438,34,"male"
204,"CS","bachelor",74840.7706317758,10,"male"
290,"CS","post grad",88314.3335466061,3,"male"
232,"Marketing","bachelor",81652.2739410027,0,"male"
222,"CS","high school",80196.2185790894,6,"female"
220,"CS","high school",71563.2258832017,3,"male"
146,"IT","high school",71979.6061185287,4,"female"
195,"CS","high school",75709.9065851391,11,"female"
184,"CS","high school",86847.0660046809,0,"female"
194,"CS","post grad",87101.194390686,0,"male"
181,"CS","post grad",74569.2051087847,0,"female"
220,"HR","bachelor",78457.1933924437,23,"male"
164,"IT","bachelor",75139.2961281113,12,"male"
184,"Marketing","post grad",92457.5987593017,9,"male"
212,"CS","high school",70583.7711388906,5,"male"
230,"CS","post grad",95323.6292771798,0,"female"
270,"Marketing","post grad",88675.0273330669,2,"male"
257,"CS","post grad",96838.5437258202,0,"male"
255,"CS","high school",87571.3692662608,0,"female"
238,"IT","high school",55372.133005625,17,"male"
290,"CS","bachelor",77088.343807104,11,"male"
248,"CS","bachelor",71595.459508471,0,"female"
217,"Marketing","high school",74087.5576043208,0,"female"
271,"HR","high school",69508.2332236361,0,"female"
317,"Marketing","high school",80332.1694046937,0,"female"
207,"HR","high school",98941.6526198325,3,"female"
266,"CS","high school",66841.660091732,0,"male"
116,"IT","post grad",81192.4540827811,0,"female"
281,"Marketing","bachelor",78400.4330516541,2,"female"
279,"CS","post grad",97654.1957534259,26,"male"
229,"CS","post grad",83079.1083143926,5,"male"
263,"Marketing","high school",55601.3988726072,16,"male"
194,"Marketing","bachelor",83317.2490497019,0,"female"
185,"CS","high school",83344.2831637929,5,"female"
189,"CS","post grad",83788.288213692,0,"male"
175,"CS","bachelor",75931.9105640224,0,"male"
154,"CS","post grad",84800.3028566093,4,"male"
203,"CS","high school",72264.2575755578,0,"male"
198,"CS","high school",78265.9064442408,10,"female"
185,"CS","high school",99134.8957200554,0,"female"
208,"HR","bachelor",77169.1935824205,0,"male"
242,"CS","high school",85494.0765231755,0,"female"
288,"CS","high school",70861.4555098149,3,"female"
201,"CS","bachelor",93562.3135378765,13,"female"
136,"Marketing","high school",74003.4969771161,9,"male"
131,"CS","post grad",97581.1701959707,14,"female"
222,"IT","bachelor",93847.0589354295,6,"female"
241,"CS","bachelor",81704.6195809572,11,"male"
220,"CS","post grad",85474.7970568196,0,"male"
204,"CS","bachelor",77607.9807797171,8,"male"
225,"Marketing","high school",88121.9259560054,0,"female"
275,"Marketing","high school",77053.4139402765,0,"female"
262,"HR","bachelor",80866.611252488,0,"male"
281,"CS","bachelor",82232.052564852,0,"male"
117,"Marketing","bachelor",80225.9933231435,0,"male"
195,"Marketing","bachelor",74163.8328431993,0,"male"
222,"Marketing","high school",68088.5620066964,0,"male"
241,"Marketing","high school",63162.7770794109,7,"male"
263,"CS","bachelor",77673.8635700578,0,"male"
247,"CS","post grad",74252.9145635334,0,"female"
275,"HR","bachelor",79238.6800680882,0,"male"
259,"HR","bachelor",89628.7544935767,0,"female"
